-- MariaDB dump 10.19  Distrib 10.4.32-MariaDB, for Win64 (AMD64)
--
-- Host: localhost    Database: citilife_db
-- ------------------------------------------------------
-- Server version	10.4.32-MariaDB

/*!40101 SET @OLD_CHARACTER_SET_CLIENT=@@CHARACTER_SET_CLIENT */;
/*!40101 SET @OLD_CHARACTER_SET_RESULTS=@@CHARACTER_SET_RESULTS */;
/*!40101 SET @OLD_COLLATION_CONNECTION=@@COLLATION_CONNECTION */;
/*!40101 SET NAMES utf8mb4 */;
/*!40103 SET @OLD_TIME_ZONE=@@TIME_ZONE */;
/*!40103 SET TIME_ZONE='+00:00' */;
/*!40014 SET @OLD_UNIQUE_CHECKS=@@UNIQUE_CHECKS, UNIQUE_CHECKS=0 */;
/*!40014 SET @OLD_FOREIGN_KEY_CHECKS=@@FOREIGN_KEY_CHECKS, FOREIGN_KEY_CHECKS=0 */;
/*!40101 SET @OLD_SQL_MODE=@@SQL_MODE, SQL_MODE='NO_AUTO_VALUE_ON_ZERO' */;
/*!40111 SET @OLD_SQL_NOTES=@@SQL_NOTES, SQL_NOTES=0 */;

--
-- Table structure for table `audit_logs`
--

DROP TABLE IF EXISTS `audit_logs`;
/*!40101 SET @saved_cs_client     = @@character_set_client */;
/*!40101 SET character_set_client = utf8 */;
CREATE TABLE `audit_logs` (
  `id` int(11) NOT NULL AUTO_INCREMENT,
  `user_id` int(11) NOT NULL,
  `branch_id` int(11) DEFAULT NULL,
  `module` varchar(100) DEFAULT NULL,
  `action` varchar(100) NOT NULL,
  `entity_type` varchar(50) NOT NULL,
  `entity_id` int(11) DEFAULT NULL,
  `details` text DEFAULT NULL,
  `ip_address` varchar(45) DEFAULT NULL,
  `created_at` timestamp NOT NULL DEFAULT current_timestamp(),
  PRIMARY KEY (`id`)
) ENGINE=InnoDB AUTO_INCREMENT=396 DEFAULT CHARSET=utf8mb4 COLLATE=utf8mb4_general_ci;
/*!40101 SET character_set_client = @saved_cs_client */;

--
-- Dumping data for table `audit_logs`
--

LOCK TABLES `audit_logs` WRITE;
/*!40000 ALTER TABLE `audit_logs` DISABLE KEYS */;
INSERT INTO `audit_logs` VALUES (154,10,2,'Patient Records','Registered new patient','Case',183,'Patient: Seigi Pascual, Case Number: CX-2026-0001','::1','2026-04-22 14:44:59'),(155,3,NULL,'IT Admin','Generated DB Backup','Backup',0,'Filename: citilife_db_2026-04-23_12-38-28.sql','::1','2026-04-23 04:38:29'),(156,7,1,'Patient Records','Registered returning patient','Case',184,'Patient: Seigi Pascual, Case Number: CX-2026-0002','::1','2026-04-23 10:46:41'),(157,3,NULL,'IT Admin','Update Security Settings','System Settings',0,'Updated Security Policies: Min Password Length = 8, Auto-Logout = 120 minutes.','::1','2026-04-23 11:51:06'),(158,7,1,'Patient Records','Registered new patient','Case',185,'Patient: Francheska Lopez, Case Number: CX-2026-0003','::1','2026-04-23 11:52:59'),(159,5,1,'Findings & Reports','Submitted Findings Report','Case',185,'Patient: Francheska Lopez | Case #185 | Exams: CHEST PA','::1','2026-04-23 11:56:25'),(160,7,1,'Patient Records','Released X-ray report','Case',185,'Patient: Francheska Lopez, Case: CX-2026-0003','::1','2026-04-23 11:57:15'),(161,9,1,'Patient Records','Patient account approved','User',61,'Account ID: 61','::1','2026-04-23 12:01:12'),(162,7,1,'Patient Records','Approved patient registration','Case',186,'Patient: Jayr Maglaque, Case: CX-2026-0004','::1','2026-04-23 12:03:37'),(163,3,NULL,'IT Admin','Update Role Permission','RBAC',0,'Updated Permission: Role [radiologist], Perm [dashboard] set to level [1].','::1','2026-04-23 14:16:06'),(164,5,1,'Findings & Reports','Submitted Findings Report','Case',186,'Patient: Jayr Maglaque | Case #186 | Exams: CHEST PA, ELBOW','::1','2026-04-23 14:17:01'),(165,7,1,'Patient Records','Released X-ray report','Case',186,'Patient: Jayr Maglaque, Case: CX-2026-0004','::1','2026-04-23 14:17:15'),(166,5,1,'Findings & Reports','Submitted Findings Report','Case',184,'Patient: Seigi Pascual | Case #184 | Exams: FOOT','::1','2026-04-23 14:17:57'),(167,7,1,'Patient Records','Released X-ray report','Case',184,'Patient: Seigi Pascual, Case: CX-2026-0002','::1','2026-04-23 14:19:28'),(168,10,2,'Patient Records','Registered returning patient','Case',187,'Patient: Seigi Pascual, Case Number: CX-2026-0005','::1','2026-04-23 14:22:50'),(169,5,2,'Findings & Reports','Submitted Findings Report','Case',187,'Patient: Seigi Pascual | Case #187 | Exams: ABDOMEN UPRIGHT','::1','2026-04-23 14:23:37'),(170,10,2,'Patient Records','Released X-ray report','Case',187,'Patient: Seigi Pascual, Case: CX-2026-0005','::1','2026-04-23 14:24:01'),(171,10,2,'Record Requests','Submitted record request','Request',199,'Request for: Seigi Pascual (#CX-2026-0002), Branch: Gapan','::1','2026-04-23 14:24:42'),(172,9,1,'Record Requests','Information request approved','Request',15,'Request ID: 15','::1','2026-04-23 14:25:30'),(173,3,NULL,'IT Admin','Update Security Settings','System Settings',0,'Updated Security Policies: Min Password Length = 8, Auto-Logout = 120 minutes.','::1','2026-04-24 01:36:51'),(174,7,1,'Patient Records','Registered new patient','Case',188,'Patient: Seigi Pascual, Case Number: CX-2026-0006','::1','2026-04-24 03:01:33'),(175,9,1,'Patient Records','Patient account approved','User',62,'Account ID: 62','::1','2026-05-02 10:21:58'),(176,9,1,'Patient Records','Patient account rejected','User',63,'Account ID: 63','::1','2026-05-04 10:55:59'),(177,9,1,'Patient Records','Patient account deleted','User',63,'Account ID: 63','::1','2026-05-04 10:56:14'),(178,7,1,'Patient Records','Registered new patient','Case',189,'Patient: Seigi Pascual, Case Number: CX-2026-0007','::1','2026-05-31 13:16:43'),(179,3,NULL,'IT Admin','Deleted DB Backup','Backup',0,'Filename: citilife_db_2026-04-23_12-38-28.sql','::1','2026-05-31 13:19:34'),(180,1,2,'Branch Management','Branch status changed to Inactive','Branch',2,'New Status: Inactive','::1','2026-05-31 13:21:09'),(181,1,2,'Branch Management','Branch status changed to Active','Branch',2,'New Status: Active','::1','2026-05-31 13:21:15'),(182,1,2,'Branch Management','Branch status changed to Active','Branch',2,'New Status: Active','::1','2026-05-31 13:36:02'),(183,3,NULL,'IT Admin','Generated DB Backup','Backup',0,'Filename: citilife_db_2026-06-01_06-20-22.sql','::1','2026-06-01 04:20:23'),(184,3,NULL,'IT Admin','Deleted DB Backup','Backup',0,'Filename: citilife_db_2026-06-01_06-20-22.sql','::1','2026-06-01 04:20:36'),(185,1,2,'Branch Management','Branch status changed to Inactive','Branch',2,'New Status: Inactive','::1','2026-06-01 05:51:57'),(186,1,2,'Branch Management','Branch status changed to Active','Branch',2,'New Status: Active','::1','2026-06-01 05:52:00'),(187,1,2,'Branch Management','Branch status changed to Inactive','Branch',2,'New Status: Inactive','::1','2026-06-01 05:52:02'),(188,1,2,'Branch Management','Branch status changed to Active','Branch',2,'New Status: Active','::1','2026-06-01 05:52:03'),(189,3,NULL,'IT Admin','Update Role Permission','RBAC',0,'Updated Permission: Role [admin_central], Perm [system_security] set to level [1].','::1','2026-06-01 07:02:55'),(190,10,2,'Patient Records','Registered returning patient','Case',191,'Patient: Seigi Pascual, Case Number: CX-2026-0009','::1','2026-06-04 05:20:12'),(191,5,2,'Findings & Reports','Submitted Findings Report','Case',191,'Patient: Seigi Pascual | Case #191 | Exams: ABDOMEN (PEDIA)','::1','2026-06-04 05:39:19'),(192,10,2,'Patient Records','Released X-ray report','Case',191,'Patient: Seigi Pascual, Case: CX-2026-0009','::1','2026-06-04 05:42:05'),(193,10,2,'Record Requests','Submitted record request','Request',220,'Request for: Seigi Pascual (#CX-2026-0002), Branch: Gapan','::1','2026-06-04 05:48:53'),(194,9,1,'Record Requests','Information request approved','Request',16,'Request ID: 16','::1','2026-06-04 05:50:07'),(195,3,NULL,'IT Admin','Update Role Permission','RBAC',0,'Updated Permission: Role [branch_admin], Perm [system_security] set to level [2].','::1','2026-06-04 05:53:26'),(196,3,NULL,'IT Admin','Update Role Permission','RBAC',0,'Updated Permission: Role [branch_admin], Perm [system_security] set to level [0].','::1','2026-06-04 05:53:30'),(197,3,NULL,'IT Admin','Update Role Permission','RBAC',0,'Updated Permission: Role [branch_admin], Perm [system_security] set to level [1].','::1','2026-06-04 05:53:46'),(198,3,NULL,'IT Admin','Update Role Permission','RBAC',0,'Updated Permission: Role [branch_admin], Perm [system_security] set to level [0].','::1','2026-06-04 05:53:52'),(199,3,NULL,'IT Admin','Update Role Permission','RBAC',0,'Updated Permission: Role [branch_admin], Perm [system_security] set to level [1].','::1','2026-06-04 05:54:22'),(200,3,NULL,'IT Admin','Update Role Permission','RBAC',0,'Updated Permission: Role [branch_admin], Perm [system_security] set to level [0].','::1','2026-06-04 05:54:25'),(201,3,NULL,'IT Admin','Update Role Permission','RBAC',0,'Updated Permission: Role [branch_admin], Perm [worklist] set to level [2].','::1','2026-06-04 06:22:01'),(202,3,NULL,'IT Admin','Update Role Permission','RBAC',0,'Updated Permission: Role [branch_admin], Perm [worklist] set to level [0].','::1','2026-06-04 06:22:01'),(203,3,NULL,'IT Admin','Update Role Permission','RBAC',0,'Updated Permission: Role [branch_admin], Perm [system_security] set to level [1].','::1','2026-06-04 06:22:01'),(204,3,NULL,'IT Admin','Update Role Permission','RBAC',0,'Updated Permission: Role [branch_admin], Perm [system_security] set to level [0].','::1','2026-06-04 06:22:02'),(205,3,NULL,'IT Admin','Update Role Permission','RBAC',0,'Updated Permission: Role [branch_admin], Perm [system_security] set to level [2].','::1','2026-06-04 06:22:05'),(206,3,NULL,'IT Admin','Update Role Permission','RBAC',0,'Updated Permission: Role [branch_admin], Perm [system_security] set to level [0].','::1','2026-06-04 06:22:07'),(207,3,NULL,'IT Admin','Deleted DB Backup','Backup',0,'Filename: citilife_db_2026-06-01_07-31-54.sql','::1','2026-06-04 06:22:34'),(208,1,12,'Branch Management','Added new branch: Cabanatuan','Branch',12,'Address: Sumacab Este','::1','2026-06-04 06:23:35'),(209,1,12,'Branch Management','Branch status changed to Inactive','Branch',12,'New Status: Inactive','::1','2026-06-04 06:34:23'),(210,1,12,'Branch Management','Branch status changed to Active','Branch',12,'New Status: Active','::1','2026-06-04 06:34:25'),(211,1,12,'Branch Management','Branch status changed to Inactive','Branch',12,'New Status: Inactive','::1','2026-06-04 06:34:27'),(212,1,12,'Branch Management','Branch status changed to Active','Branch',12,'New Status: Active','::1','2026-06-04 06:34:28'),(213,1,12,'Branch Management','Branch status changed to Inactive','Branch',12,'New Status: Inactive','::1','2026-06-04 06:34:29'),(214,1,12,'Branch Management','Branch status changed to Active','Branch',12,'New Status: Active','::1','2026-06-04 06:34:31'),(215,1,12,'Branch Management','Branch status changed to Inactive','Branch',12,'New Status: Inactive','::1','2026-06-04 06:34:32'),(216,1,12,'Branch Management','Branch status changed to Active','Branch',12,'New Status: Active','::1','2026-06-04 06:34:32'),(217,1,12,'Branch Management','Branch status changed to Active','Branch',12,'New Status: Active','::1','2026-06-04 06:38:46'),(218,1,12,'Branch Management','Updated branch details','Branch',12,'New Name: Cabanatuan, New Address: Sumacab Este','::1','2026-06-04 06:39:01'),(219,1,12,'Branch Management','Branch status changed to Inactive','Branch',12,'New Status: Inactive','::1','2026-06-04 06:39:03'),(220,1,12,'Branch Management','Branch status changed to Active','Branch',12,'New Status: Active','::1','2026-06-04 06:39:04'),(221,1,12,'Branch Management','Deleted branch','Branch',12,'Deleted branch ID: 12','::1','2026-06-04 06:39:07'),(222,1,NULL,'User Management','User status changed to Inactive','User',15,'New status: Inactive','::1','2026-06-04 06:41:06'),(223,1,NULL,'User Management','User status changed to Active','User',15,'New status: Active','::1','2026-06-04 06:41:07'),(224,7,1,'Patient Records','Registered returning patient','Case',192,'Patient: Jayr Maglaque, Case Number: CX-2026-0010','::1','2026-06-04 09:40:47'),(225,7,1,'Patient Records','Registered returning patient','Case',193,'Patient: Seigi Pascual, Case Number: CX-2026-0011','::1','2026-06-04 09:45:22'),(226,5,1,'Findings & Reports','Submitted Findings Report','Case',193,'Patient: Seigi Pascual | Case #193 | Exams: ABDOMEN (PEDIA)','::1','2026-06-04 09:47:30'),(227,5,1,'Findings & Reports','Submitted Findings Report','Case',193,'Patient: Seigi Pascual | Case #193 | Exams: ABDOMEN (PEDIA)','::1','2026-06-04 09:58:00'),(228,5,1,'Findings & Reports','Submitted Findings Report','Case',193,'Patient: Seigi Pascual | Case #193 | Exams: ABDOMEN (PEDIA)','::1','2026-06-04 10:04:49'),(229,7,1,'Patient Records','Approved patient registration','Case',196,'Patient: Seigi Pascual, Case: CX-2026-0013','::1','2026-06-05 04:05:06'),(230,5,1,'Findings & Reports','Submitted Findings Report','Case',196,'Patient: Seigi Pascual | Case #196 | Exams: ABDOMEN (PEDIA), ABDOMEN UPRIGHT','::1','2026-06-05 04:09:57'),(231,7,1,'Patient Records','Released X-ray report','Case',196,'Patient: Seigi Pascual, Case: CX-2026-0013','::1','2026-06-05 04:11:04'),(232,7,1,'Patient Records','Rejected patient registration','Case',197,'Patient: Seigi Pascual, Case: CX-2026-0014','::1','2026-06-05 04:14:55'),(233,7,1,'Patient Records','Rejected patient registration','Case',198,'Patient: Seigi Pascual, Case: CX-2026-0015-REJ','::1','2026-06-05 04:20:22'),(234,7,1,'Patient Records','Approved patient registration','Case',199,'Patient: Seigi Pascual, Case: CX-2026-0015','::1','2026-06-05 04:51:26'),(235,13,3,'Patient Records','Approved patient registration','Case',200,'Patient: Seigi Pascual, Case: CX-2026-0016','::1','2026-06-05 04:51:46'),(236,5,1,'Findings & Reports','Submitted Findings Report','Case',188,'Patient: Seigi Pascual | Case #188 | Exams: ABDOMEN (PEDIA), ABDOMEN UPRIGHT','::1','2026-06-05 04:53:51'),(237,5,1,'Findings & Reports','Submitted Findings Report','Case',188,'Patient: Seigi Pascual | Case #188 | Exams: ABDOMEN (PEDIA), ABDOMEN UPRIGHT','::1','2026-06-05 04:54:23'),(238,5,3,'Findings & Reports','Submitted Findings Report','Case',200,'Patient: Seigi Pascual | Case #200 | Exams: ABDOMEN UPRIGHT','::1','2026-06-05 04:54:56'),(239,5,1,'Findings & Reports','Submitted Findings Report','Case',199,'Patient: Seigi Pascual | Case #199 | Exams: ABDOMEN (PEDIA)','::1','2026-06-05 04:55:34'),(240,7,1,'Patient Records','Released X-ray report','Case',199,'Patient: Seigi Pascual, Case: CX-2026-0015','::1','2026-06-05 04:55:55'),(241,13,3,'Patient Records','Released X-ray report','Case',200,'Patient: Seigi Pascual, Case: CX-2026-0016','::1','2026-06-05 04:56:26'),(242,7,1,'Patient Records','Approved patient registration','Case',201,'Patient: Seigi Pascual, Case: CX-2026-0017','::1','2026-06-05 05:11:35'),(243,5,1,'Findings & Reports','Submitted Findings Report','Case',201,'Patient: Seigi Pascual | Case #201 | Exams: ABDOMEN (PEDIA)','::1','2026-06-05 05:12:40'),(244,7,1,'Patient Records','Released X-ray report','Case',201,'Patient: Seigi Pascual, Case: CX-2026-0017','::1','2026-06-05 05:17:27'),(245,7,1,'Patient Records','Approved patient registration','Case',202,'Patient: Seigi Pascual, Case: CX-2026-0018','::1','2026-06-05 05:18:27'),(246,5,1,'Findings & Reports','Submitted Findings Report','Case',202,'Patient: Seigi Pascual | Case #202 | Exams: ABDOMEN (PEDIA)','::1','2026-06-05 05:29:30'),(247,7,1,'Patient Records','Released X-ray report','Case',202,'Patient: Seigi Pascual, Case: CX-2026-0018','::1','2026-06-05 05:48:15'),(248,7,1,'Patient Records','Released X-ray report','Case',188,'Patient: Seigi Pascual, Case: CX-2026-0006','::1','2026-06-05 05:55:07'),(249,7,1,'Patient Records','Released X-ray report','Case',193,'Patient: Seigi Pascual, Case: CX-2026-0011','::1','2026-06-05 05:55:19'),(250,7,1,'Patient Records','Approved patient registration','Case',195,'Patient: Jayr Maglaque, Case: CX-2026-0012','::1','2026-06-05 06:32:45'),(251,5,1,'Findings & Reports','Submitted Findings Report','Case',195,'Patient: Jayr Maglaque | Case #195 | Exams: ABDOMEN (PEDIA)','::1','2026-06-05 06:33:16'),(252,7,1,'Patient Records','Released X-ray report','Case',195,'Patient: Jayr Maglaque, Case: CX-2026-0012','::1','2026-06-05 06:33:32'),(253,7,1,'Patient Records','Registered returning patient','Case',203,'Patient: Seigi Pascual, Case Number: CX-2026-0019','::1','2026-06-05 06:47:18'),(254,5,1,'Findings & Reports','Submitted Findings Report','Case',203,'Patient: Seigi Pascual | Case #203 | Exams: ABDOMEN (PEDIA)','::1','2026-06-05 06:47:52'),(255,7,1,'Patient Records','Released X-ray report','Case',203,'Patient: Seigi Pascual, Case: CX-2026-0019','::1','2026-06-05 06:48:15'),(256,7,1,'Patient Records','Registered returning patient','Case',204,'Patient: Seigi Pascual, Case Number: CX-2026-0020','::1','2026-06-05 09:44:51'),(257,5,1,'Findings & Reports','Submitted Findings Report','Case',204,'Patient: Seigi Pascual | Case #204 | Exams: ABDOMEN (PEDIA)','::1','2026-06-05 09:45:56'),(258,7,1,'Patient Records','Released X-ray report','Case',204,'Patient: Seigi Pascual, Case: CX-2026-0020','::1','2026-06-05 09:46:09'),(259,7,1,'Patient Records','Registered returning patient','Case',205,'Patient: Seigi Pascual, Case Number: CX-2026-0021','::1','2026-06-05 11:04:27'),(260,5,1,'Findings & Reports','Submitted Findings Report','Case',192,'Patient: Jayr Maglaque | Case #192 | Exams: ABDOMEN (PEDIA), ABDOMEN UPRIGHT','::1','2026-06-05 11:05:39'),(261,7,1,'Patient Records','Released X-ray report','Case',192,'Patient: Jayr Maglaque, Case: CX-2026-0010','::1','2026-06-05 11:05:50'),(262,5,1,'Findings & Reports','Submitted Findings Report','Case',205,'Patient: Seigi Pascual | Case #205 | Exams: ABDOMEN (PEDIA), ABDOMEN UPRIGHT','::1','2026-06-05 11:07:09'),(263,7,1,'Patient Records','Released X-ray report','Case',205,'Patient: Seigi Pascual, Case: CX-2026-0021','::1','2026-06-05 11:07:18'),(264,7,1,'Patient Records','Registered returning patient','Case',206,'Patient: Seigi Pascual, Case Number: CX-2026-0022','::1','2026-06-06 10:43:55'),(265,5,1,'Findings & Reports','Submitted Findings Report','Case',206,'Patient: Seigi Pascual | Case #206 | Exams: ABDOMEN (PEDIA), ABDOMEN UPRIGHT','::1','2026-06-06 10:45:02'),(266,7,1,'Patient Records','Released X-ray report','Case',206,'Patient: Seigi Pascual, Case: CX-2026-0022','::1','2026-06-06 10:46:10'),(267,7,1,'Patient Records','Registered returning patient','Case',207,'Patient: Seigi Pascual, Case Number: CX-2026-0023','::1','2026-06-06 10:49:27'),(268,5,1,'Findings & Reports','Submitted Findings Report','Case',207,'Patient: Seigi Pascual | Case #207 | Exams: ABDOMEN (PEDIA), ABDOMEN UPRIGHT','::1','2026-06-06 10:50:25'),(269,7,1,'Patient Records','Released X-ray report','Case',207,'Patient: Seigi Pascual, Case: CX-2026-0023','::1','2026-06-06 10:50:49'),(270,7,1,'Patient Records','Registered returning patient','Case',208,'Patient: Seigi Pascual, Case Number: CX-2026-0024','::1','2026-06-06 10:57:05'),(271,5,1,'Findings & Reports','Submitted Findings Report','Case',208,'Patient: Seigi Pascual | Case #208 | Exams: ABDOMEN (PEDIA), ABDOMEN UPRIGHT','::1','2026-06-06 10:58:04'),(272,7,1,'Patient Records','Released X-ray report','Case',208,'Patient: Seigi Pascual, Case: CX-2026-0024','::1','2026-06-06 10:58:34'),(273,7,1,'Patient Records','Registered returning patient','Case',209,'Patient: Seigi Pascual, Case Number: CX-2026-0025','::1','2026-06-06 12:08:59'),(274,5,1,'Findings & Reports','Submitted Findings Report','Case',209,'Patient: Seigi Pascual | Case #209 | Exams: ABDOMEN (PEDIA), ABDOMEN UPRIGHT','::1','2026-06-06 12:09:39'),(275,7,1,'Patient Records','Released X-ray report','Case',209,'Patient: Seigi Pascual, Case: CX-2026-0025','::1','2026-06-06 12:10:14'),(276,7,1,'Patient Records','Registered returning patient','Case',210,'Patient: Seigi Pascual, Case Number: CX-2026-0026','::1','2026-06-06 12:15:02'),(277,5,1,'Findings & Reports','Submitted Findings Report','Case',210,'Patient: Seigi Pascual | Case #210 | Exams: ABDOMEN (PEDIA)','::1','2026-06-06 12:15:33'),(278,7,1,'Patient Records','Released X-ray report','Case',210,'Patient: Seigi Pascual, Case: CX-2026-0026','::1','2026-06-06 12:16:05'),(279,7,1,'Patient Records','Registered returning patient','Case',211,'Patient: Seigi Pascual, Case Number: CX-2026-0027','::1','2026-06-06 14:23:05'),(280,5,1,'Findings & Reports','Submitted Findings Report','Case',211,'Patient: Seigi Pascual | Case #211 | Exams: ABDOMEN (PEDIA)','::1','2026-06-06 14:23:37'),(281,7,1,'Patient Records','Released X-ray report','Case',211,'Patient: Seigi Pascual, Case: CX-2026-0027','::1','2026-06-06 14:25:09'),(282,7,1,'Patient Records','Registered returning patient','Case',212,'Patient: Seigi Pascual, Case Number: CX-2026-0028','::1','2026-06-06 15:22:46'),(283,5,1,'Findings & Reports','Submitted Findings Report','Case',212,'Patient: Seigi Pascual | Case #212 | Exams: ABDOMEN (PEDIA), ABDOMEN UPRIGHT','::1','2026-06-06 15:23:32'),(284,7,1,'Patient Records','Released X-ray report','Case',212,'Patient: Seigi Pascual, Case: CX-2026-0028','::1','2026-06-06 15:24:00'),(285,7,1,'Patient Records','Registered returning patient','Case',213,'Patient: Seigi Pascual, Case Number: CX-2026-0029','::1','2026-06-06 15:32:04'),(286,5,1,'Findings & Reports','Submitted Findings Report','Case',213,'Patient: Seigi Pascual | Case #213 | Exams: ABDOMEN (PEDIA), ABDOMEN UPRIGHT','::1','2026-06-06 15:32:51'),(287,7,1,'Patient Records','Released X-ray report','Case',213,'Patient: Seigi Pascual, Case: CX-2026-0029','::1','2026-06-07 03:10:56'),(288,7,1,'Patient Records','Registered returning patient','Case',214,'Patient: Seigi Pascual, Case Number: CX-2026-0030','::1','2026-06-07 05:29:59'),(289,5,1,'Findings & Reports','Submitted Findings Report','Case',214,'Patient: Seigi Pascual | Case #214 | Exams: ABDOMEN (PEDIA), ABDOMEN UPRIGHT, CHEST PA','::1','2026-06-07 05:31:56'),(290,7,1,'Patient Records','Released X-ray report','Case',214,'Patient: Seigi Pascual, Case: CX-2026-0030','::1','2026-06-07 05:34:28'),(291,7,1,'Patient Records','Registered returning patient','Case',215,'Patient: Seigi Pascual, Case Number: CX-2026-0031','::1','2026-06-07 06:57:50'),(292,5,1,'Findings & Reports','Submitted Findings Report','Case',215,'Patient: Seigi Pascual | Case #215 | Exams: ABDOMEN (PEDIA)','::1','2026-06-07 07:00:42'),(293,7,1,'Patient Records','Released X-ray report','Case',215,'Patient: Seigi Pascual, Case: CX-2026-0031','::1','2026-06-07 07:06:49'),(294,7,1,'Record Requests','Submitted record request','Request',335,'Request for: Seigi Pascual (#CX-2026-0016), Branch: Peñaranda','::1','2026-06-07 07:09:03'),(295,15,3,'Record Requests','Information request approved','Request',17,'Request ID: 17','::1','2026-06-07 07:10:04'),(296,1,3,'Branch Management','Updated branch details','Branch',3,'New Name: Peñaranda, New Address: Sto Tomas','::1','2026-06-07 07:26:18'),(297,10,2,'Patient Records','Registered returning patient','Case',216,'Patient: Seigi Pascual, Case Number: CX-2026-0032','::1','2026-06-07 09:44:36'),(298,5,2,'Findings & Reports','Submitted Findings Report','Case',216,'Patient: Seigi Pascual | Case #216 | Exams: ABDOMEN (PEDIA), ABDOMEN UPRIGHT','::1','2026-06-07 09:45:56'),(299,10,2,'Patient Records','Registered returning patient','Case',217,'Patient: Seigi Pascual, Case Number: CX-2026-0033','::1','2026-06-07 10:11:39'),(300,5,2,'Findings & Reports','Submitted Findings Report','Case',217,'Patient: Seigi Pascual | Case #217 | Exams: ABDOMEN (PEDIA)','::1','2026-06-07 10:13:05'),(301,7,1,'Patient Records','Approved patient registration','Case',218,'Patient: Seigi Pascual, Case: CX-2026-0034','::1','2026-06-07 10:18:53'),(302,5,1,'Findings & Reports','Submitted Findings Report','Case',218,'Patient: Seigi Pascual | Case #218 | Exams: ABDOMEN (PEDIA), ABDOMEN UPRIGHT','::1','2026-06-07 10:21:50'),(303,7,1,'Patient Records','Released X-ray report','Case',218,'Patient: Seigi Pascual, Case: CX-2026-0034','::1','2026-06-07 10:22:37'),(304,7,1,'Patient Records','Rejected patient registration','Case',219,'Patient: Seigi Pascual, Case: CX-2026-0035-REJ','::1','2026-06-07 11:37:11'),(305,7,1,'Patient Records','Approved patient registration','Case',220,'Patient: Seigi Pascual, Case: CX-2026-0035','::1','2026-06-07 11:42:29'),(306,5,1,'Findings & Reports','Submitted Findings Report','Case',220,'Patient: Seigi Pascual | Case #220 | Exams: ABDOMEN (PEDIA), ABDOMEN UPRIGHT','::1','2026-06-07 11:43:31'),(307,7,1,'Patient Records','Released X-ray report','Case',220,'Patient: Seigi Pascual, Case: CX-2026-0035','::1','2026-06-07 11:44:31'),(308,7,1,'Patient Records','Approved patient registration','Case',221,'Patient: Seigi Pascual, Case: CX-2026-0036','::1','2026-06-07 11:51:09'),(309,5,1,'Findings & Reports','Submitted Findings Report','Case',221,'Patient: Seigi Pascual | Case #221 | Exams: ABDOMEN (PEDIA)','::1','2026-06-07 11:51:56'),(310,7,1,'Patient Records','Released X-ray report','Case',221,'Patient: Seigi Pascual, Case: CX-2026-0036','::1','2026-06-07 11:52:15'),(311,7,1,'Patient Records','Registered returning patient','Case',222,'Patient: Seigi Pascual, Case Number: CX-2026-0037','::1','2026-06-07 11:55:04'),(312,7,1,'Patient Records','Registered returning patient','Case',223,'Patient: Seigi Pascual, Case Number: CX-2026-0038','::1','2026-06-07 11:55:32'),(313,7,1,'Patient Records','Registered returning patient','Case',224,'Patient: Seigi Pascual, Case Number: CX-2026-0039','::1','2026-06-07 11:55:58'),(314,5,1,'Findings & Reports','Submitted Findings Report','Case',223,'Patient: Seigi Pascual | Case #223 | Exams: ABDOMEN (PEDIA)','::1','2026-06-07 11:56:35'),(315,5,1,'Findings & Reports','Submitted Findings Report','Case',224,'Patient: Seigi Pascual | Case #224 | Exams: ABDOMEN (PEDIA)','::1','2026-06-07 11:57:22'),(316,7,1,'Patient Records','Released X-ray report','Case',224,'Patient: Seigi Pascual, Case: CX-2026-0039','::1','2026-06-07 11:57:43'),(317,7,1,'Patient Records','Registered returning patient','Case',225,'Patient: Seigi Pascual, Case Number: CX-2026-0040','::1','2026-06-07 11:59:08'),(318,5,1,'Findings & Reports','Submitted Findings Report','Case',225,'Patient: Seigi Pascual | Case #225 | Exams: ABDOMEN (PEDIA)','::1','2026-06-07 12:00:55'),(319,7,1,'Patient Records','Released X-ray report','Case',225,'Patient: Seigi Pascual, Case: CX-2026-0040','::1','2026-06-07 12:01:06'),(320,7,1,'Patient Records','Registered returning patient','Case',226,'Patient: Seigi Pascual, Case Number: CX-2026-0041','::1','2026-06-07 12:01:35'),(321,5,1,'Findings & Reports','Submitted Findings Report','Case',226,'Patient: Seigi Pascual | Case #226 | Exams: ABDOMEN (PEDIA)','::1','2026-06-07 12:01:59'),(322,7,1,'Patient Records','Released X-ray report','Case',226,'Patient: Seigi Pascual, Case: CX-2026-0041','::1','2026-06-07 12:02:14'),(323,7,1,'Patient Records','Registered returning patient','Case',227,'Patient: Seigi Pascual, Case Number: CX-2026-0042','::1','2026-06-07 12:03:29'),(324,5,1,'Findings & Reports','Submitted Findings Report','Case',227,'Patient: Seigi Pascual | Case #227 | Exams: ABDOMEN (PEDIA)','::1','2026-06-07 12:04:06'),(325,7,1,'Patient Records','Released X-ray report','Case',223,'Patient: Seigi Pascual, Case: CX-2026-0038','::1','2026-06-07 12:04:27'),(326,7,1,'Patient Records','Released X-ray report','Case',227,'Patient: Seigi Pascual, Case: CX-2026-0042','::1','2026-06-07 12:04:31'),(327,7,1,'Patient Records','Registered returning patient','Case',228,'Patient: Seigi Pascual, Case Number: CX-2026-0043','::1','2026-06-07 12:05:29'),(328,5,1,'Findings & Reports','Submitted Findings Report','Case',228,'Patient: Seigi Pascual | Case #228 | Exams: ABDOMEN (PEDIA)','::1','2026-06-07 12:06:20'),(329,7,1,'Patient Records','Released X-ray report','Case',228,'Patient: Seigi Pascual, Case: CX-2026-0043','::1','2026-06-07 12:06:47'),(330,7,1,'Patient Records','Registered returning patient','Case',229,'Patient: Seigi Pascual, Case Number: CX-2026-0044','::1','2026-06-07 12:07:17'),(331,5,1,'Findings & Reports','Submitted Findings Report','Case',229,'Patient: Seigi Pascual | Case #229 | Exams: ABDOMEN (PEDIA)','::1','2026-06-07 12:07:46'),(332,7,1,'Patient Records','Released X-ray report','Case',229,'Patient: Seigi Pascual, Case: CX-2026-0044','::1','2026-06-07 12:07:59'),(333,7,1,'Patient Records','Registered returning patient','Case',230,'Patient: Seigi Pascual, Case Number: CX-2026-0045','::1','2026-06-07 14:16:16'),(334,5,1,'Findings & Reports','Submitted Findings Report','Case',230,'Patient: Seigi Pascual | Case #230 | Exams: ABDOMEN (PEDIA)','::1','2026-06-07 14:20:26'),(335,7,1,'Patient Records','Released X-ray report','Case',230,'Patient: Seigi Pascual, Case: CX-2026-0045','::1','2026-06-07 14:21:39'),(336,1,1,'Branch Management','Updated branch details','Branch',1,'New Name: Gapan, New Address: BGRY. BAYAHANIHAN, GAPAN CITY, NUEVA ECIJA','::1','2026-06-07 15:04:45'),(337,1,1,'Branch Management','Updated branch details','Branch',1,'New Name: Gapan, New Address: BGRY. BAYAHANIHAN, GAPAN CITY, NUEVA ECIJA','::1','2026-06-07 15:14:45'),(338,1,1,'Branch Management','Updated branch details','Branch',1,'New Name: Gapan, New Address: BGRY. BAYAHANIHAN, GAPAN CITY, NUEVA ECIJA','::1','2026-06-07 15:32:36'),(339,1,1,'Branch Management','Updated branch details','Branch',1,'New Name: Gapan, New Address: BGRY. BAYAHANIHAN, GAPAN CITY, NUEVA ECIJA','::1','2026-06-07 15:36:58'),(340,1,1,'Branch Management','Updated branch details','Branch',1,'New Name: Gapan, New Address: BGRY. BAYAHANIHAN, GAPAN CITY, NUEVA ECIJA','::1','2026-06-07 15:37:16'),(341,1,1,'Branch Management','Updated branch details','Branch',1,'New Name: Gapan, New Address: BGRY. BAYAHANIHAN, GAPAN CITY, NUEVA ECIJA','::1','2026-06-07 15:45:13'),(342,1,1,'Branch Management','Updated branch details','Branch',1,'New Name: Gapan, New Address: BGRY. BAYAHANIHAN, GAPAN CITY, NUEVA ECIJA','::1','2026-06-07 15:45:28'),(343,1,1,'Branch Management','Updated branch details','Branch',1,'New Name: Gapan, New Address: BGRY. BAYAHANIHAN, GAPAN CITY, NUEVA ECIJA','::1','2026-06-07 15:45:48'),(344,1,1,'Branch Management','Branch status changed to Inactive','Branch',1,'New Status: Inactive','::1','2026-06-07 15:45:57'),(345,1,1,'Branch Management','Branch status changed to Active','Branch',1,'New Status: Active','::1','2026-06-07 15:46:12'),(346,1,1,'Branch Management','Branch status changed to Inactive','Branch',1,'New Status: Inactive','::1','2026-06-07 15:46:19'),(347,1,1,'Branch Management','Branch status changed to Active','Branch',1,'New Status: Active','::1','2026-06-07 15:46:41'),(348,1,NULL,'Patient Records','Updated patient record','Patient',117,'Updated patient: Seigi Pascual','::1','2026-06-07 15:50:17'),(349,1,NULL,'Patient Records','Updated patient record','Patient',117,'Updated patient: Seigi Pascual','::1','2026-06-07 15:50:48'),(350,1,NULL,'Patient Records','Updated patient record','Patient',117,'Updated patient: Seigi Pascual','::1','2026-06-07 15:56:41'),(351,7,1,'Patient Records','Registered new patient','Case',231,'Patient: John Doe, Case Number: CX-2026-0046','::1','2026-06-08 02:20:41'),(352,5,1,'Findings & Reports','Submitted Findings Report','Case',231,'Patient: John Doe | Case #231 | Exams: CHEST PA','::1','2026-06-08 02:23:01'),(353,7,1,'Patient Records','Released X-ray report','Case',231,'Patient: John Doe, Case: CX-2026-0046','::1','2026-06-08 02:23:14'),(354,3,NULL,'IT Admin','Update Role Permission','RBAC',0,'Updated Permission: Role [admin_central], Perm [dashboard] set to level [2].','::1','2026-06-08 02:56:29'),(355,3,NULL,'IT Admin','Update Role Permission','RBAC',0,'Updated Permission: Role [admin_central], Perm [dashboard] set to level [1].','::1','2026-06-08 02:56:33'),(356,3,NULL,'IT Admin','Update Role Permission','RBAC',0,'Updated Permission: Role [radtech], Perm [patient_reg] set to level [1].','0.0.0.0','2026-06-08 03:06:46'),(357,3,NULL,'IT Admin','Update Role Permission','RBAC',0,'Updated Permission: Role [it_admin], Perm [system_security] set to level [2].','::1','2026-06-08 03:10:05'),(358,3,NULL,'IT Admin','Update Role Permission','RBAC',0,'Updated Permission: Role [it_admin], Perm [system_security] set to level [1].','::1','2026-06-08 03:11:35'),(359,3,NULL,'IT Admin','Update Role Permission','RBAC',0,'Updated Permission: Role [it_admin], Perm [system_security] set to level [2].','::1','2026-06-08 03:11:50'),(360,3,NULL,'IT Admin','Update Role Permission','RBAC',0,'Updated Permission: Role [it_admin], Perm [system_security] set to level [1].','::1','2026-06-08 03:12:11'),(361,3,NULL,'IT Admin','Update Role Permission','RBAC',0,'Updated Permission: Role [it_admin], Perm [system_security] set to level [2].','::1','2026-06-08 03:12:35'),(362,3,NULL,'IT Admin','Update Role Permission','RBAC',0,'Updated Permission: Role [it_admin], Perm [system_security] set to level [1].','::1','2026-06-08 03:14:51'),(363,3,NULL,'IT Admin','Update Role Permission','RBAC',0,'Updated Permission: Role [it_admin], Perm [system_security] set to level [2].','::1','2026-06-08 03:16:59'),(364,3,NULL,'IT Admin','Update Role Permission','RBAC',0,'Updated Permission: Role [it_admin], Perm [system_security] set to level [1].','::1','2026-06-08 03:18:11'),(365,3,NULL,'IT Admin','Update Role Permission','RBAC',0,'Updated Permission: Role [it_admin], Perm [system_security] set to level [2].','::1','2026-06-08 03:18:24'),(366,3,NULL,'IT Admin','Update Role Permission','RBAC',0,'Updated Permission: Role [it_admin], Perm [system_security] set to level [1].','::1','2026-06-08 03:20:26'),(367,3,NULL,'IT Admin','Update Role Permission','RBAC',0,'Updated Permission: Role [it_admin], Perm [system_security] set to level [2].','::1','2026-06-08 03:20:39'),(368,3,NULL,'IT Admin','Update Role Permission','RBAC',0,'Updated Permission: Role [it_admin], Perm [system_security] set to level [1].','::1','2026-06-08 03:25:16'),(369,3,NULL,'IT Admin','Update Role Permission','RBAC',0,'Updated Permission: Role [it_admin], Perm [system_security] set to level [2].','::1','2026-06-08 03:25:33'),(370,3,NULL,'IT Admin','Update Role Permission','RBAC',0,'Updated Permission: Role [it_admin], Perm [system_security] set to level [1].','::1','2026-06-08 03:33:32'),(371,3,NULL,'IT Admin','Update Role Permission','RBAC',0,'Updated Permission: Role [it_admin], Perm [system_security] set to level [0].','::1','2026-06-08 03:34:30'),(372,3,NULL,'IT Admin','Update Role Permission','RBAC',0,'Updated Permission: Role [it_admin], Perm [system_security] set to level [0].','::1','2026-06-08 03:37:22'),(373,3,NULL,'IT Admin','Update Role Permission','RBAC',0,'Updated Permission: Role [it_admin], Perm [user_mgmt] set to level [1].','::1','2026-06-08 03:38:34'),(374,3,NULL,'IT Admin','Update Role Permission','RBAC',0,'Updated Permission: Role [it_admin], Perm [user_mgmt] set to level [2].','::1','2026-06-08 03:38:39'),(375,3,NULL,'IT Admin','Update Role Permission','RBAC',0,'Updated Permission: Role [it_admin], Perm [user_mgmt] set to level [0].','::1','2026-06-08 03:38:41'),(376,3,NULL,'IT Admin','Update Role Permission','RBAC',0,'Updated Permission: Role [it_admin], Perm [user_mgmt] set to level [1].','::1','2026-06-08 03:38:43'),(377,3,NULL,'IT Admin','Update Role Permission','RBAC',0,'Updated Permission: Role [it_admin], Perm [user_mgmt] set to level [0].','::1','2026-06-08 03:39:55'),(378,3,NULL,'IT Admin','Update Role Permission','RBAC',0,'Updated Permission: Role [it_admin], Perm [user_mgmt] set to level [1].','::1','2026-06-08 03:39:56'),(379,3,NULL,'IT Admin','Update Role Permission','RBAC',0,'Updated Permission: Role [it_admin], Perm [backup_mgmt] set to level [2].','::1','2026-06-08 03:43:46'),(380,3,NULL,'IT Admin','Update Role Permission','RBAC',0,'Updated Permission: Role [it_admin], Perm [backup_mgmt] set to level [1].','::1','2026-06-08 03:43:47'),(381,3,NULL,'IT Admin','Update Role Permission','RBAC',0,'Updated Permission: Role [it_admin], Perm [user_mgmt] set to level [0].','::1','2026-06-08 03:43:54'),(382,3,NULL,'IT Admin','Update Role Permission','RBAC',0,'Updated Permission: Role [it_admin], Perm [global_reports] set to level [1].','::1','2026-06-08 03:43:58'),(383,3,NULL,'IT Admin','Update Role Permission','RBAC',0,'Updated Permission: Role [it_admin], Perm [global_reports] set to level [0].','::1','2026-06-08 03:44:07'),(384,3,NULL,'IT Admin','Update Role Permission','RBAC',0,'Updated Permission: Role [it_admin], Perm [global_reports] set to level [2].','::1','2026-06-08 03:45:44'),(385,3,NULL,'IT Admin','Update Role Permission','RBAC',0,'Updated Permission: Role [it_admin], Perm [global_reports] set to level [0].','::1','2026-06-08 03:45:46'),(386,3,NULL,'IT Admin','Update Role Permission','RBAC',0,'Updated Permission: Role [radtech], Perm [system_security] set to level [1].','::1','2026-06-08 03:51:15'),(387,3,NULL,'IT Admin','Update Role Permission','RBAC',0,'Updated Permission: Role [radtech], Perm [backup_mgmt] set to level [1].','::1','2026-06-08 03:55:18'),(388,3,NULL,'IT Admin','Update Role Permission','RBAC',0,'Updated Permission: Role [radtech], Perm [backup_mgmt] set to level [2].','::1','2026-06-08 03:55:23'),(389,3,NULL,'IT Admin','Update Role Permission','RBAC',0,'Updated Permission: Role [radtech], Perm [backup_mgmt] set to level [1].','::1','2026-06-08 03:55:24'),(390,3,NULL,'IT Admin','Update Role Permission','RBAC',0,'Updated Permission: Role [radiologist], Perm [case_review] set to level [0].','::1','2026-06-08 04:01:55'),(391,3,NULL,'IT Admin','Update Role Permission','RBAC',0,'Updated Permission: Role [radiologist], Perm [case_review] set to level [1].','::1','2026-06-08 04:02:00'),(392,3,NULL,'IT Admin','Update Role Permission','RBAC',0,'Updated Permission: Role [it_admin], Perm [dashboard] set to level [0].','::1','2026-06-08 04:03:27'),(393,3,NULL,'IT Admin','Update Role Permission','RBAC',0,'Updated Permission: Role [it_admin], Perm [dashboard] set to level [1].','::1','2026-06-08 04:03:34'),(394,3,NULL,'IT Admin','Update Role Permission','RBAC',0,'Updated Permission: Role [it_admin], Perm [dashboard] set to level [2].','::1','2026-06-08 04:03:42'),(395,3,NULL,'IT Admin','Update Role Permission','RBAC',0,'Updated Permission: Role [it_admin], Perm [dashboard] set to level [1].','::1','2026-06-08 04:03:50');
/*!40000 ALTER TABLE `audit_logs` ENABLE KEYS */;
UNLOCK TABLES;

--
-- Table structure for table `branches`
--

DROP TABLE IF EXISTS `branches`;
/*!40101 SET @saved_cs_client     = @@character_set_client */;
/*!40101 SET character_set_client = utf8 */;
CREATE TABLE `branches` (
  `id` int(11) NOT NULL AUTO_INCREMENT,
  `name` varchar(100) NOT NULL,
  `address` varchar(255) DEFAULT NULL,
  `status` enum('Active','Inactive') DEFAULT 'Active',
  `created_at` timestamp NOT NULL DEFAULT current_timestamp(),
  `additional_address` varchar(255) DEFAULT NULL,
  `contact_number_1` varchar(50) DEFAULT NULL,
  `contact_number_2` varchar(50) DEFAULT NULL,
  `contact_number_3` varchar(50) DEFAULT NULL,
  PRIMARY KEY (`id`)
) ENGINE=InnoDB AUTO_INCREMENT=13 DEFAULT CHARSET=utf8mb4 COLLATE=utf8mb4_general_ci;
/*!40101 SET character_set_client = @saved_cs_client */;

--
-- Dumping data for table `branches`
--

LOCK TABLES `branches` WRITE;
/*!40000 ALTER TABLE `branches` DISABLE KEYS */;
INSERT INTO `branches` VALUES (1,'Gapan','BGRY. BAYAHANIHAN, GAPAN CITY, NUEVA ECIJA','Active','2026-03-22 03:27:20','IN FRONT OF GAPAN DISTRICT HOSPITAL','0933-866-6617','0926-048-7970',''),(2,'Bongabon','L. DE LARA STREET, BONGABON NUEVA ECIJA','Active','2026-03-22 03:27:20','BESIDE BONGABON DISTRICT HOSPITAL','0919-230-5384','0954-305-1164',NULL),(3,'Peñaranda','PEÑARANDA, NUEVA ECIJA','Active','2026-03-22 03:27:20',NULL,'0919-234-5678','0954-234-5678',NULL),(4,'General Tinio','GENERAL TINIO, NUEVA ECIJA','Active','2026-03-22 03:27:20',NULL,'0919-345-6789','0954-345-6789',NULL),(5,'Sto Domingo','STO. DOMINGO, NUEVA ECIJA','Active','2026-03-22 03:27:20',NULL,'0919-456-7890','0954-456-7890',NULL),(6,'San Antonio','SAN ANTONIO, NUEVA ECIJA','Active','2026-03-22 03:27:20',NULL,'0919-567-8901','0954-567-8901',NULL),(7,'Pantabangan','PANTABANGAN, NUEVA ECIJA','Active','2026-03-22 03:27:20',NULL,'0919-678-9012','0954-678-9012',NULL);
/*!40000 ALTER TABLE `branches` ENABLE KEYS */;
UNLOCK TABLES;

--
-- Table structure for table `cases`
--

DROP TABLE IF EXISTS `cases`;
/*!40101 SET @saved_cs_client     = @@character_set_client */;
/*!40101 SET character_set_client = utf8 */;
CREATE TABLE `cases` (
  `id` int(11) NOT NULL AUTO_INCREMENT,
  `case_number` varchar(50) NOT NULL,
  `patient_id` int(11) NOT NULL,
  `branch_id` int(11) DEFAULT NULL,
  `service_type` enum('X-Ray','Ultrasound') NOT NULL DEFAULT 'X-Ray',
  `exam_type` varchar(100) NOT NULL,
  `priority` enum('Normal','Priority','Emergency','Urgent','Routine') NOT NULL DEFAULT 'Normal',
  `philhealth_status` enum('With PhilHealth Card','Without PhilHealth Card') NOT NULL,
  `philhealth_id` varchar(50) DEFAULT NULL,
  `status` enum('Pending','Under Reading','Report Ready','Completed') NOT NULL DEFAULT 'Pending',
  `approval_status` enum('Pending','Approved','Rejected') NOT NULL DEFAULT 'Pending',
  `image_status` enum('Uploaded','—') NOT NULL DEFAULT '—',
  `image_path` text DEFAULT NULL,
  `released` tinyint(1) NOT NULL DEFAULT 0,
  `created_at` timestamp NOT NULL DEFAULT current_timestamp(),
  `clinical_information` text DEFAULT NULL,
  `findings` text DEFAULT NULL,
  `impression` text DEFAULT NULL,
  `recommendation` text DEFAULT NULL,
  `radiologist_id` int(11) DEFAULT NULL,
  `radtech_id` int(11) DEFAULT NULL,
  `date_completed` datetime DEFAULT NULL,
  `report_template` varchar(100) DEFAULT NULL,
  `rad_activity_status` varchar(20) DEFAULT NULL,
  `rad_last_active` datetime DEFAULT NULL,
  PRIMARY KEY (`id`),
  UNIQUE KEY `case_number` (`case_number`),
  KEY `patient_id` (`patient_id`),
  KEY `fk_cases_branch` (`branch_id`),
  CONSTRAINT `fk_cases_branch` FOREIGN KEY (`branch_id`) REFERENCES `branches` (`id`) ON DELETE SET NULL,
  CONSTRAINT `fk_cases_patient` FOREIGN KEY (`patient_id`) REFERENCES `patients` (`id`) ON DELETE CASCADE
) ENGINE=InnoDB AUTO_INCREMENT=232 DEFAULT CHARSET=utf8mb4 COLLATE=utf8mb4_general_ci;
/*!40101 SET character_set_client = @saved_cs_client */;

--
-- Dumping data for table `cases`
--

LOCK TABLES `cases` WRITE;
/*!40000 ALTER TABLE `cases` DISABLE KEYS */;
INSERT INTO `cases` VALUES (183,'CX-2026-0001',113,2,'X-Ray','ABDOMEN (PEDIA), ABDOMEN UPRIGHT','Routine','Without PhilHealth Card','','Pending','Approved','—',NULL,0,'2026-04-22 14:44:59',NULL,NULL,NULL,NULL,NULL,NULL,NULL,NULL,NULL,NULL),(184,'CX-2026-0002',113,1,'X-Ray','FOOT','Emergency','Without PhilHealth Card','','Completed','Approved','Uploaded','[\"public\\/assets\\/uploads\\/cases\\/case_184_1776941781_0.png\"]',1,'2026-04-23 10:46:41','','The bones of the foot demonstrate normal alignment and density. No evidence of fracture or dislocation is seen. Joint spaces are well maintained, and there is no significant soft tissue swelling or abnormal calcification.','No acute bony abnormality.','',5,7,'2026-04-23 22:17:57','FOOT','inactive','1970-01-01 00:00:00'),(185,'CX-2026-0003',114,1,'X-Ray','CHEST PA','Emergency','Without PhilHealth Card','','Completed','Approved','Uploaded','[\"public\\/assets\\/uploads\\/cases\\/case_185_1776945278_0.png\"]',1,'2026-04-23 11:52:59','','The lung fields are clear without evidence of focal consolidation, mass, or infiltrates. The cardiac silhouette is within normal limits in size and configuration. The costophrenic angles are sharp and well-defined. No pleural effusion or pneumothorax is seen. The visualized osseous structures are intact.\n','No radiographic evidence of active cardiopulmonary disease.\n','',5,7,'2026-04-23 19:56:25','CHEST PA','inactive','1970-01-01 00:00:00'),(186,'CX-2026-0004',115,1,'X-Ray','CHEST PA, ELBOW','Routine','Without PhilHealth Card',NULL,'Completed','Approved','Uploaded','[\"public\\/assets\\/uploads\\/cases\\/case_186_1776945916_0.png\",\"public\\/assets\\/uploads\\/cases\\/case_186_1776945916_1.png\"]',1,'2026-04-23 12:02:07','','{\"CHEST PA\":{\"findings\":\"The lung fields are clear without evidence of focal consolidation, mass, or infiltrates. The cardiac silhouette is within normal limits in size and configuration. The costophrenic angles are sharp and well-defined. No pleural effusion or pneumothorax is seen. The visualized osseous structures are intact.\\n\",\"impression\":\"No radiographic evidence of active cardiopulmonary disease.\"},\"ELBOW\":{\"findings\":\"The bony structures of the elbow joint are intact with normal alignment. Joint spaces are preserved, and no evidence of fracture, dislocation, or joint effusion is noted. Surrounding soft tissues appear unremarkable.\",\"impression\":\"No acute osseous abnormality identified.\"}}','','',5,7,'2026-04-23 22:17:01','CHEST PA, ELBOW','inactive','1970-01-01 00:00:00'),(187,'CX-2026-0005',113,2,'X-Ray','ABDOMEN UPRIGHT','Urgent','Without PhilHealth Card','','Completed','Approved','Uploaded','[\"public\\/assets\\/uploads\\/cases\\/case_187_1776954181_0.png\"]',1,'2026-04-23 14:22:50','','The abdominal cavity shows a normal bowel gas pattern. No evidence of free air is seen beneath the diaphragm. There are no multiple air-fluid levels to suggest bowel obstruction. The visualized soft tissues and bony structures are unremarkable.\n','No radiographic evidence of pneumoperitoneum or bowel obstruction.\n','',5,10,'2026-04-23 22:23:37','ABDOMEN UPRIGHT','inactive','1970-01-01 00:00:00'),(188,'CX-2026-0006',116,1,'X-Ray','ABDOMEN (PEDIA), ABDOMEN UPRIGHT','Emergency','Without PhilHealth Card','','Completed','Approved','Uploaded','[\"public\\/assets\\/uploads\\/cases\\/case_188_1776999735_0.png\",\"public\\/assets\\/uploads\\/cases\\/case_188_1776999735_1.png\"]',1,'2026-04-24 03:01:33','','{\"ABDOMEN (PEDIA)\":{\"findings\":\"There is a normal distribution of bowel gas within the abdomen. No dilated bowel loops or abnormal air-fluid levels are seen. No radiopaque foreign bodies or abnormal calcifications are identified. The soft tissue shadows are within normal limits, and the visualized bony structures appear intact.\\n\",\"impression\":\"No radiographic evidence of acute intra-abdominal pathology.\"},\"ABDOMEN UPRIGHT\":{\"findings\":\"The abdominal cavity shows a normal bowel gas pattern. No evidence of free air is seen beneath the diaphragm. There are no multiple air-fluid levels to suggest bowel obstruction. The visualized soft tissues and bony structures are unremarkable.\",\"impression\":\"No radiographic evidence of pneumoperitoneum or bowel obstruction.\\n\"}}','','',5,7,'2026-06-05 12:54:23','ABDOMEN (PEDIA), ABDOMEN UPRIGHT','inactive','1970-01-01 00:00:00'),(189,'CX-2026-0007',119,1,'X-Ray','ABDOMEN (PEDIA), APICOLORDOTIC VIEW','Urgent','Without PhilHealth Card','','Pending','Approved','—',NULL,0,'2026-05-31 13:16:43',NULL,NULL,NULL,NULL,NULL,NULL,NULL,NULL,NULL,NULL),(190,'CX-2026-0008',122,2,'X-Ray','To be determined','Routine','Without PhilHealth Card',NULL,'Pending','Pending','—',NULL,0,'2026-06-01 07:47:41',NULL,NULL,NULL,NULL,NULL,NULL,NULL,NULL,NULL,NULL),(191,'CX-2026-0009',116,2,'X-Ray','ABDOMEN (PEDIA)','Routine','Without PhilHealth Card','','Completed','Approved','Uploaded','[\"public\\/assets\\/uploads\\/cases\\/case_191_1780550442_0.png\"]',1,'2026-06-04 05:20:12','','There is a normal distribution of bowel gas within the abdomen. No dilated bowel loops or abnormal air-fluid levels are seen. No radiopaque foreign bodies or abnormal calcifications are identified. The soft tissue shadows are within normal limits, and the visualized bony structures appear intact.\n','No radiographic evidence of acute intra-abdominal pathology.','',5,10,'2026-06-04 13:39:19','ABDOMEN (PEDIA)','inactive','1970-01-01 00:00:00'),(192,'CX-2026-0010',115,1,'X-Ray','ABDOMEN (PEDIA), ABDOMEN UPRIGHT','Urgent','With PhilHealth Card','11-111111111-1','Completed','Approved','Uploaded','[\"public\\/assets\\/uploads\\/cases\\/case_192_1780566068_0.png\",\"public\\/assets\\/uploads\\/cases\\/case_192_1780566068_1.png\"]',1,'2026-06-04 09:40:47','','{\"ABDOMEN (PEDIA)\":{\"findings\":\"There is a normal distribution of bowel gas within the abdomen. No dilated bowel loops or abnormal air-fluid levels are seen. No radiopaque foreign bodies or abnormal calcifications are identified. The soft tissue shadows are within normal limits, and the visualized bony structures appear intact.\",\"impression\":\"No radiographic evidence of acute intra-abdominal pathology.\\n\"},\"ABDOMEN UPRIGHT\":{\"findings\":\"The abdominal cavity shows a normal bowel gas pattern. No evidence of free air is seen beneath the diaphragm. There are no multiple air-fluid levels to suggest bowel obstruction. The visualized soft tissues and bony structures are unremarkable.\",\"impression\":\"No radiographic evidence of pneumoperitoneum or bowel obstruction.\\n\"}}','','',5,7,'2026-06-05 19:05:39','ABDOMEN (PEDIA), ABDOMEN UPRIGHT','inactive','1970-01-01 00:00:00'),(193,'CX-2026-0011',113,1,'X-Ray','ABDOMEN (PEDIA)','Emergency','Without PhilHealth Card','','Completed','Approved','Uploaded','[\"public\\/assets\\/uploads\\/cases\\/case_193_1780566344_0.png\"]',1,'2026-06-04 09:45:22','','There is a normal distribution of bowel gas within the abdomen. No dilated bowel loops or abnormal air-fluid levels are seen. No radiopaque foreign bodies or abnormal calcifications are identified. The soft tissue shadows are within normal limits, and the visualized bony structures appear intact.\n','No radiographic evidence of acute intra-abdominal pathology.','',5,7,'2026-06-04 18:04:49','ABDOMEN (PEDIA)','inactive','1970-01-01 00:00:00'),(195,'CX-2026-0012',115,1,'X-Ray','ABDOMEN (PEDIA)','Routine','Without PhilHealth Card',NULL,'Completed','Approved','Uploaded','[\"public\\/assets\\/uploads\\/cases\\/case_195_1780641174_0.png\"]',1,'2026-06-05 03:39:23','','There is a normal distribution of bowel gas within the abdomen. No dilated bowel loops or abnormal air-fluid levels are seen. No radiopaque foreign bodies or abnormal calcifications are identified. The soft tissue shadows are within normal limits, and the visualized bony structures appear intact.','No radiographic evidence of acute intra-abdominal pathology.\n','',5,7,'2026-06-05 14:33:16','ABDOMEN (PEDIA)','inactive','1970-01-01 00:00:00'),(196,'CX-2026-0013',117,1,'X-Ray','ABDOMEN (PEDIA), ABDOMEN UPRIGHT','Emergency','Without PhilHealth Card',NULL,'Completed','Approved','Uploaded','[\"public\\/assets\\/uploads\\/cases\\/case_196_1780632332_0.png\",\"public\\/assets\\/uploads\\/cases\\/case_196_1780632332_1.png\"]',1,'2026-06-05 03:43:44','','{\"ABDOMEN (PEDIA)\":{\"findings\":\"There is a normal distribution of bowel gas within the abdomen. No dilated bowel loops or abnormal air-fluid levels are seen. No radiopaque foreign bodies or abnormal calcifications are identified. The soft tissue shadows are within normal limits, and the visualized bony structures appear intact.\\n\",\"impression\":\"No radiographic evidence of acute intra-abdominal pathology.\\n\"},\"ABDOMEN UPRIGHT\":{\"findings\":\"The abdominal cavity shows a normal bowel gas pattern. No evidence of free air is seen beneath the diaphragm. There are no multiple air-fluid levels to suggest bowel obstruction. The visualized soft tissues and bony structures are unremarkable.\",\"impression\":\"No radiographic evidence of pneumoperitoneum or bowel obstruction.\"}}','','',5,7,'2026-06-05 12:09:57','ABDOMEN (PEDIA), ABDOMEN UPRIGHT','inactive','1970-01-01 00:00:00'),(197,'CX-2026-0014',117,1,'X-Ray','To be determined','Routine','Without PhilHealth Card',NULL,'','Rejected','—',NULL,0,'2026-06-05 04:14:30',NULL,NULL,NULL,NULL,NULL,NULL,NULL,NULL,NULL,NULL),(198,'CX-2026-0015-REJ',117,1,'X-Ray','To be determined','Routine','Without PhilHealth Card',NULL,'','Rejected','—',NULL,0,'2026-06-05 04:20:08',NULL,NULL,NULL,NULL,NULL,NULL,NULL,NULL,NULL,NULL),(199,'CX-2026-0015',117,1,'X-Ray','ABDOMEN (PEDIA)','Routine','Without PhilHealth Card',NULL,'Completed','Approved','Uploaded','[\"public\\/assets\\/uploads\\/cases\\/case_199_1780635173_0.png\"]',1,'2026-06-05 04:20:33','','There is a normal distribution of bowel gas within the abdomen. No dilated bowel loops or abnormal air-fluid levels are seen. No radiopaque foreign bodies or abnormal calcifications are identified. The soft tissue shadows are within normal limits, and the visualized bony structures appear intact.\n','No radiographic evidence of acute intra-abdominal pathology.','',5,7,'2026-06-05 12:55:34','ABDOMEN (PEDIA)','inactive','1970-01-01 00:00:00'),(200,'CX-2026-0016',117,3,'X-Ray','ABDOMEN UPRIGHT','Routine','Without PhilHealth Card',NULL,'Completed','Approved','Uploaded','[\"public\\/assets\\/uploads\\/cases\\/case_200_1780635136_0.png\"]',1,'2026-06-05 04:42:11','','The abdominal cavity shows a normal bowel gas pattern. No evidence of free air is seen beneath the diaphragm. There are no multiple air-fluid levels to suggest bowel obstruction. The visualized soft tissues and bony structures are unremarkable.','No radiographic evidence of pneumoperitoneum or bowel obstruction.\n','',5,13,'2026-06-05 12:54:56','ABDOMEN UPRIGHT','inactive','1970-01-01 00:00:00'),(201,'CX-2026-0017',117,1,'X-Ray','ABDOMEN (PEDIA)','Routine','Without PhilHealth Card',NULL,'Completed','Approved','Uploaded','[\"public\\/assets\\/uploads\\/cases\\/case_201_1780636328_0.png\"]',1,'2026-06-05 05:11:08','','There is a normal distribution of bowel gas within the abdomen. No dilated bowel loops or abnormal air-fluid levels are seen. No radiopaque foreign bodies or abnormal calcifications are identified. The soft tissue shadows are within normal limits, and the visualized bony structures appear intact.','No radiographic evidence of acute intra-abdominal pathology.','',5,7,'2026-06-05 13:12:40','ABDOMEN (PEDIA)','inactive','1970-01-01 00:00:00'),(202,'CX-2026-0018',117,1,'X-Ray','ABDOMEN (PEDIA)','Urgent','Without PhilHealth Card',NULL,'Completed','Approved','Uploaded','[\"public\\/assets\\/uploads\\/cases\\/case_202_1780636727_0.png\"]',1,'2026-06-05 05:18:20','','There is a normal distribution of bowel gas within the abdomen. No dilated bowel loops or abnormal air-fluid levels are seen. No radiopaque foreign bodies or abnormal calcifications are identified. The soft tissue shadows are within normal limits, and the visualized bony structures appear intact.\n','No radiographic evidence of acute intra-abdominal pathology.\n','',5,7,'2026-06-05 13:29:30','ABDOMEN (PEDIA)','inactive','1970-01-01 00:00:00'),(203,'CX-2026-0019',117,1,'X-Ray','ABDOMEN (PEDIA)','Routine','Without PhilHealth Card','','Completed','Approved','Uploaded','[\"public\\/assets\\/uploads\\/cases\\/case_203_1780642049_0.png\"]',1,'2026-06-05 06:47:18','','There is a normal distribution of bowel gas within the abdomen. No dilated bowel loops or abnormal air-fluid levels are seen. No radiopaque foreign bodies or abnormal calcifications are identified. The soft tissue shadows are within normal limits, and the visualized bony structures appear intact.','No radiographic evidence of acute intra-abdominal pathology.\n','',5,7,'2026-06-05 14:47:52','ABDOMEN (PEDIA)','inactive','1970-01-01 00:00:00'),(204,'CX-2026-0020',113,1,'X-Ray','ABDOMEN (PEDIA)','Urgent','Without PhilHealth Card','','Completed','Approved','Uploaded','[\"public\\/assets\\/uploads\\/cases\\/case_204_1780652714_0.png\"]',1,'2026-06-05 09:44:51','','There is a normal distribution of bowel gas within the abdomen. No dilated bowel loops or abnormal air-fluid levels are seen. No radiopaque foreign bodies or abnormal calcifications are identified. The soft tissue shadows are within normal limits, and the visualized bony structures appear intact.','No radiographic evidence of acute intra-abdominal pathology.','',5,7,'2026-06-05 17:45:56','ABDOMEN (PEDIA)','inactive','1970-01-01 00:00:00'),(205,'CX-2026-0021',118,1,'X-Ray','ABDOMEN (PEDIA), ABDOMEN UPRIGHT','Urgent','Without PhilHealth Card','','Completed','Approved','Uploaded','[\"public\\/assets\\/uploads\\/cases\\/case_205_1780657480_0.png\",\"public\\/assets\\/uploads\\/cases\\/case_205_1780657480_1.png\"]',1,'2026-06-05 11:04:27','','{\"ABDOMEN (PEDIA)\":{\"findings\":\"There is a normal distribution of bowel gas within the abdomen. No dilated bowel loops or abnormal air-fluid levels are seen. No radiopaque foreign bodies or abnormal calcifications are identified. The soft tissue shadows are within normal limits, and the visualized bony structures appear intact.\",\"impression\":\"No radiographic evidence of acute intra-abdominal pathology.\"},\"ABDOMEN UPRIGHT\":{\"findings\":\"The abdominal cavity shows a normal bowel gas pattern. No evidence of free air is seen beneath the diaphragm. There are no multiple air-fluid levels to suggest bowel obstruction. The visualized soft tissues and bony structures are unremarkable.\\n\",\"impression\":\"No radiographic evidence of pneumoperitoneum or bowel obstruction.\\n\"}}','','',5,7,'2026-06-05 19:07:09','ABDOMEN (PEDIA), ABDOMEN UPRIGHT','inactive','1970-01-01 00:00:00'),(206,'CX-2026-0022',118,1,'X-Ray','ABDOMEN (PEDIA), ABDOMEN UPRIGHT','Emergency','Without PhilHealth Card','','Completed','Approved','Uploaded','[\"public\\/assets\\/uploads\\/cases\\/case_206_1780742645_0.png\",\"public\\/assets\\/uploads\\/cases\\/case_206_1780742645_1.png\"]',1,'2026-06-06 10:43:55','','{\"ABDOMEN (PEDIA)\":{\"findings\":\"There is a normal distribution of bowel gas within the abdomen. No dilated bowel loops or abnormal air-fluid levels are seen. No radiopaque foreign bodies or abnormal calcifications are identified. The soft tissue shadows are within normal limits, and the visualized bony structures appear intact.\\n\",\"impression\":\"No radiographic evidence of acute intra-abdominal pathology.\"},\"ABDOMEN UPRIGHT\":{\"findings\":\"The abdominal cavity shows a normal bowel gas pattern. No evidence of free air is seen beneath the diaphragm. There are no multiple air-fluid levels to suggest bowel obstruction. The visualized soft tissues and bony structures are unremarkable.\",\"impression\":\"No radiographic evidence of pneumoperitoneum or bowel obstruction.\"}}','','',5,7,'2026-06-06 18:45:02','ABDOMEN (PEDIA), ABDOMEN UPRIGHT','inactive','1970-01-01 00:00:00'),(207,'CX-2026-0023',117,1,'X-Ray','ABDOMEN (PEDIA), ABDOMEN UPRIGHT','Urgent','Without PhilHealth Card','','Completed','Approved','Uploaded','[\"public\\/assets\\/uploads\\/cases\\/case_207_1780742975_0.png\",\"public\\/assets\\/uploads\\/cases\\/case_207_1780742975_1.png\"]',1,'2026-06-06 10:49:27','','{\"ABDOMEN (PEDIA)\":{\"findings\":\"There is a normal distribution of bowel gas within the abdomen. No dilated bowel loops or abnormal air-fluid levels are seen. No radiopaque foreign bodies or abnormal calcifications are identified. The soft tissue shadows are within normal limits, and the visualized bony structures appear intact.\",\"impression\":\"No radiographic evidence of acute intra-abdominal pathology.\"},\"ABDOMEN UPRIGHT\":{\"findings\":\"The abdominal cavity shows a normal bowel gas pattern. No evidence of free air is seen beneath the diaphragm. There are no multiple air-fluid levels to suggest bowel obstruction. The visualized soft tissues and bony structures are unremarkable.\\n\",\"impression\":\"No radiographic evidence of pneumoperitoneum or bowel obstruction.\\n\"}}','','',5,7,'2026-06-06 18:50:25','ABDOMEN (PEDIA), ABDOMEN UPRIGHT','inactive','1970-01-01 00:00:00'),(208,'CX-2026-0024',117,1,'X-Ray','ABDOMEN (PEDIA), ABDOMEN UPRIGHT','Emergency','Without PhilHealth Card','','Completed','Approved','Uploaded','[\"public\\/assets\\/uploads\\/cases\\/case_208_1780743437_0.png\",\"public\\/assets\\/uploads\\/cases\\/case_208_1780743437_1.png\"]',1,'2026-06-06 10:57:05','','{\"ABDOMEN (PEDIA)\":{\"findings\":\"There is a normal distribution of bowel gas within the abdomen. No dilated bowel loops or abnormal air-fluid levels are seen. No radiopaque foreign bodies or abnormal calcifications are identified. The soft tissue shadows are within normal limits, and the visualized bony structures appear intact.\",\"impression\":\"No radiographic evidence of acute intra-abdominal pathology.\\n\"},\"ABDOMEN UPRIGHT\":{\"findings\":\"The abdominal cavity shows a normal bowel gas pattern. No evidence of free air is seen beneath the diaphragm. There are no multiple air-fluid levels to suggest bowel obstruction. The visualized soft tissues and bony structures are unremarkable.\\n\",\"impression\":\"No radiographic evidence of pneumoperitoneum or bowel obstruction.\"}}','','',5,7,'2026-06-06 18:58:04','ABDOMEN (PEDIA), ABDOMEN UPRIGHT','inactive','1970-01-01 00:00:00'),(209,'CX-2026-0025',117,1,'X-Ray','ABDOMEN (PEDIA), ABDOMEN UPRIGHT','Urgent','Without PhilHealth Card','','Completed','Approved','Uploaded','[\"public\\/assets\\/uploads\\/cases\\/case_209_1780747746_0.png\",\"public\\/assets\\/uploads\\/cases\\/case_209_1780747746_1.png\"]',1,'2026-06-06 12:08:59','','{\"ABDOMEN (PEDIA)\":{\"findings\":\"There is a normal distribution of bowel gas within the abdomen. No dilated bowel loops or abnormal air-fluid levels are seen. No radiopaque foreign bodies or abnormal calcifications are identified. The soft tissue shadows are within normal limits, and the visualized bony structures appear intact.\\n\",\"impression\":\"No radiographic evidence of acute intra-abdominal pathology.\"},\"ABDOMEN UPRIGHT\":{\"findings\":\"The abdominal cavity shows a normal bowel gas pattern. No evidence of free air is seen beneath the diaphragm. There are no multiple air-fluid levels to suggest bowel obstruction. The visualized soft tissues and bony structures are unremarkable.\\n\",\"impression\":\"No radiographic evidence of pneumoperitoneum or bowel obstruction.\\n\"}}','','',5,7,'2026-06-06 20:09:39','ABDOMEN (PEDIA), ABDOMEN UPRIGHT','inactive','1970-01-01 00:00:00'),(210,'CX-2026-0026',118,1,'X-Ray','ABDOMEN (PEDIA)','Urgent','Without PhilHealth Card','','Completed','Approved','Uploaded','[\"public\\/assets\\/uploads\\/cases\\/case_210_1780748109_0.png\"]',1,'2026-06-06 12:15:02','','There is a normal distribution of bowel gas within the abdomen. No dilated bowel loops or abnormal air-fluid levels are seen. No radiopaque foreign bodies or abnormal calcifications are identified. The soft tissue shadows are within normal limits, and the visualized bony structures appear intact.','No radiographic evidence of acute intra-abdominal pathology.\n','',5,7,'2026-06-06 20:15:33','ABDOMEN (PEDIA)','inactive','1970-01-01 00:00:00'),(211,'CX-2026-0027',117,1,'X-Ray','ABDOMEN (PEDIA)','Urgent','Without PhilHealth Card','','Completed','Approved','Uploaded','[\"public\\/assets\\/uploads\\/cases\\/case_211_1780755795_0.png\"]',1,'2026-06-06 14:23:05','','There is a normal distribution of bowel gas within the abdomen. No dilated bowel loops or abnormal air-fluid levels are seen. No radiopaque foreign bodies or abnormal calcifications are identified. The soft tissue shadows are within normal limits, and the visualized bony structures appear intact.','No radiographic evidence of acute intra-abdominal pathology.','',5,7,'2026-06-06 22:23:37','ABDOMEN (PEDIA)','inactive','1970-01-01 00:00:00'),(212,'CX-2026-0028',118,1,'X-Ray','ABDOMEN (PEDIA), ABDOMEN UPRIGHT','Urgent','Without PhilHealth Card','','Completed','Approved','Uploaded','[\"public\\/assets\\/uploads\\/cases\\/case_212_1780759375_0.png\",\"public\\/assets\\/uploads\\/cases\\/case_212_1780759375_1.png\"]',1,'2026-06-06 15:22:46','','{\"ABDOMEN (PEDIA)\":{\"findings\":\"There is a normal distribution of bowel gas within the abdomen. No dilated bowel loops or abnormal air-fluid levels are seen. No radiopaque foreign bodies or abnormal calcifications are identified. The soft tissue shadows are within normal limits, and the visualized bony structures appear intact.\\n\",\"impression\":\"No radiographic evidence of acute intra-abdominal pathology.\"},\"ABDOMEN UPRIGHT\":{\"findings\":\"The abdominal cavity shows a normal bowel gas pattern. No evidence of free air is seen beneath the diaphragm. There are no multiple air-fluid levels to suggest bowel obstruction. The visualized soft tissues and bony structures are unremarkable.\",\"impression\":\"No radiographic evidence of pneumoperitoneum or bowel obstruction.\"}}','','',5,7,'2026-06-06 23:23:32','ABDOMEN (PEDIA), ABDOMEN UPRIGHT','inactive','1970-01-01 00:00:00'),(213,'CX-2026-0029',118,1,'X-Ray','ABDOMEN (PEDIA), ABDOMEN UPRIGHT','Urgent','Without PhilHealth Card','','Completed','Approved','Uploaded','[\"public\\/assets\\/uploads\\/cases\\/case_213_1780759934_0.png\",\"public\\/assets\\/uploads\\/cases\\/case_213_1780759934_1.png\"]',1,'2026-06-06 15:32:04','','{\"ABDOMEN (PEDIA)\":{\"findings\":\"There is a normal distribution of bowel gas within the abdomen. No dilated bowel loops or abnormal air-fluid levels are seen. No radiopaque foreign bodies or abnormal calcifications are identified. The soft tissue shadows are within normal limits, and the visualized bony structures appear intact.\\n\",\"impression\":\"No radiographic evidence of acute intra-abdominal pathology.\\n\"},\"ABDOMEN UPRIGHT\":{\"findings\":\"The abdominal cavity shows a normal bowel gas pattern. No evidence of free air is seen beneath the diaphragm. There are no multiple air-fluid levels to suggest bowel obstruction. The visualized soft tissues and bony structures are unremarkable.\\n\",\"impression\":\"No radiographic evidence of pneumoperitoneum or bowel obstruction.\\n\"}}','','',5,7,'2026-06-06 23:32:51','ABDOMEN (PEDIA), ABDOMEN UPRIGHT','inactive','1970-01-01 00:00:00'),(214,'CX-2026-0030',118,1,'X-Ray','ABDOMEN (PEDIA), ABDOMEN UPRIGHT, CHEST PA','Urgent','Without PhilHealth Card','','Completed','Approved','Uploaded','[\"public\\/assets\\/uploads\\/cases\\/case_214_1780810247_0.png\",\"public\\/assets\\/uploads\\/cases\\/case_214_1780810247_1.png\",\"public\\/assets\\/uploads\\/cases\\/case_214_1780810247_2.png\"]',1,'2026-06-07 05:29:59','','{\"ABDOMEN (PEDIA)\":{\"findings\":\"There is a normal distribution of bowel gas within the abdomen. No dilated bowel loops or abnormal air-fluid levels are seen. No radiopaque foreign bodies or abnormal calcifications are identified. The soft tissue shadows are within normal limits, and the visualized bony structures appear intact.\\n\",\"impression\":\"No radiographic evidence of acute intra-abdominal pathology.\"},\"ABDOMEN UPRIGHT\":{\"findings\":\"The abdominal cavity shows a normal bowel gas pattern. No evidence of free air is seen beneath the diaphragm. There are no multiple air-fluid levels to suggest bowel obstruction. The visualized soft tissues and bony structures are unremarkable.\\n\",\"impression\":\"No radiographic evidence of pneumoperitoneum or bowel obstruction.\\n\"},\"CHEST PA\":{\"findings\":\"The lung fields are clear without evidence of focal consolidation, mass, or infiltrates. The cardiac silhouette is within normal limits in size and configuration. The costophrenic angles are sharp and well-defined. No pleural effusion or pneumothorax is seen. The visualized osseous structures are intact.\\n\",\"impression\":\"No radiographic evidence of active cardiopulmonary disease.\"}}','','',5,7,'2026-06-07 13:31:56','ABDOMEN (PEDIA), ABDOMEN UPRIGHT, CHEST PA','inactive','1970-01-01 00:00:00'),(215,'CX-2026-0031',118,1,'X-Ray','ABDOMEN (PEDIA)','Urgent','With PhilHealth Card','11-111111111-1','Completed','Approved','Uploaded','[\"public\\/assets\\/uploads\\/cases\\/case_215_1780815620_0.png\"]',1,'2026-06-07 06:57:50','','There is a normal distribution of bowel gas within the abdomen. No dilated bowel loops or abnormal air-fluid levels are seen. No radiopaque foreign bodies or abnormal calcifications are identified. The soft tissue shadows are within normal limits, and the visualized bony structures appear intact.\n','No radiographic evidence of acute intra-abdominal pathology.','',5,7,'2026-06-07 15:00:42','ABDOMEN (PEDIA)','inactive','1970-01-01 00:00:00'),(216,'CX-2026-0032',113,2,'X-Ray','ABDOMEN (PEDIA), ABDOMEN UPRIGHT','Urgent','Without PhilHealth Card','','Report Ready','Approved','Uploaded','[\"public\\/assets\\/uploads\\/cases\\/case_216_1780825490_0.png\",\"public\\/assets\\/uploads\\/cases\\/case_216_1780825490_1.png\"]',0,'2026-06-07 09:44:36','','{\"ABDOMEN (PEDIA)\":{\"findings\":\"There is a normal distribution of bowel gas within the abdomen. No dilated bowel loops or abnormal air-fluid levels are seen. No radiopaque foreign bodies or abnormal calcifications are identified. The soft tissue shadows are within normal limits, and the visualized bony structures appear intact.\\n\\nThere is a normal distribution of bowel gas within the abdomen. No dilated bowel loops or abnormal air-fluid levels are seen. No radiopaque foreign bodies or abnormal calcifications are identified. The soft tissue shadows are within normal limits, and the visualized bony structures appear intact.\\n\",\"impression\":\"No radiographic evidence of acute intra-abdominal pathology.\\n\"},\"ABDOMEN UPRIGHT\":{\"findings\":\"The abdominal cavity shows a normal bowel gas pattern. No evidence of free air is seen beneath the diaphragm. There are no multiple air-fluid levels to suggest bowel obstruction. The visualized soft tissues and bony structures are unremarkable.\\n\\nThe abdominal cavity shows a normal bowel gas pattern. No evidence of free air is seen beneath the diaphragm. There are no multiple air-fluid levels to suggest bowel obstruction. The visualized soft tissues and bony structures are unremarkable.\\n\",\"impression\":\"No radiographic evidence of pneumoperitoneum or bowel obstruction.\\n\"}}','','',5,10,'2026-06-07 17:45:56','ABDOMEN (PEDIA), ABDOMEN UPRIGHT','inactive','1970-01-01 00:00:00'),(217,'CX-2026-0033',113,2,'X-Ray','ABDOMEN (PEDIA)','Urgent','With PhilHealth Card','01-918638191-1','Report Ready','Approved','Uploaded','[\"public\\/assets\\/uploads\\/cases\\/case_217_1780827127_0.png\"]',0,'2026-06-07 10:11:39','','There is a normal distribution of bowel gas within the abdomen. No dilated bowel loops or abnormal air-fluid levels are seen. No radiopaque foreign bodies or abnormal calcifications are identified. The soft tissue shadows are within normal limits, and the visualized bony structures appear intact.','No radiographic evidence of acute intra-abdominal pathology.\n','',5,10,'2026-06-07 18:13:05','ABDOMEN (PEDIA)','inactive','1970-01-01 00:00:00'),(218,'CX-2026-0034',117,1,'X-Ray','ABDOMEN (PEDIA), ABDOMEN UPRIGHT','Urgent','With PhilHealth Card','10-101010101-1','Completed','Approved','Uploaded','[\"public\\/assets\\/uploads\\/cases\\/case_218_1780827612_0.png\",\"public\\/assets\\/uploads\\/cases\\/case_218_1780827612_1.png\"]',1,'2026-06-07 10:17:47','','{\"ABDOMEN (PEDIA)\":{\"findings\":\"There is a normal distribution of bowel gas within the abdomen. No dilated bowel loops or abnormal air-fluid levels are seen. No radiopaque foreign bodies or abnormal calcifications are identified. The soft tissue shadows are within normal limits, and the visualized bony structures appear intact.\\n\",\"impression\":\"No radiographic evidence of acute intra-abdominal pathology.\"},\"ABDOMEN UPRIGHT\":{\"findings\":\"The abdominal cavity shows a normal bowel gas pattern. No evidence of free air is seen beneath the diaphragm. There are no multiple air-fluid levels to suggest bowel obstruction. The visualized soft tissues and bony structures are unremarkable.\\n\",\"impression\":\"No radiographic evidence of pneumoperitoneum or bowel obstruction.\\n\"}}','','',5,7,'2026-06-07 18:21:50','ABDOMEN (PEDIA), ABDOMEN UPRIGHT','inactive','1970-01-01 00:00:00'),(219,'CX-2026-0035-REJ',117,1,'X-Ray','To be determined','Routine','Without PhilHealth Card',NULL,'','Rejected','—',NULL,0,'2026-06-07 11:36:53',NULL,NULL,NULL,NULL,NULL,NULL,NULL,NULL,NULL,NULL),(220,'CX-2026-0035',117,1,'X-Ray','ABDOMEN (PEDIA), ABDOMEN UPRIGHT','Routine','With PhilHealth Card','10-101010101-1','Completed','Approved','Uploaded','[\"public\\/assets\\/uploads\\/cases\\/case_220_1780832575_0.png\",\"public\\/assets\\/uploads\\/cases\\/case_220_1780832575_1.png\"]',1,'2026-06-07 11:42:01','','{\"ABDOMEN (PEDIA)\":{\"findings\":\"There is a normal distribution of bowel gas within the abdomen. No dilated bowel loops or abnormal air-fluid levels are seen. No radiopaque foreign bodies or abnormal calcifications are identified. The soft tissue shadows are within normal limits, and the visualized bony structures appear intact.\",\"impression\":\"No radiographic evidence of acute intra-abdominal pathology.\\n\"},\"ABDOMEN UPRIGHT\":{\"findings\":\"The abdominal cavity shows a normal bowel gas pattern. No evidence of free air is seen beneath the diaphragm. There are no multiple air-fluid levels to suggest bowel obstruction. The visualized soft tissues and bony structures are unremarkable.\\n\",\"impression\":\"No radiographic evidence of pneumoperitoneum or bowel obstruction.\\n\"}}','','',5,7,'2026-06-07 19:43:31','ABDOMEN (PEDIA), ABDOMEN UPRIGHT','inactive','1970-01-01 00:00:00'),(221,'CX-2026-0036',117,1,'X-Ray','ABDOMEN (PEDIA)','Routine','Without PhilHealth Card',NULL,'Completed','Approved','Uploaded','[\"public\\/assets\\/uploads\\/cases\\/case_221_1780833087_0.png\"]',1,'2026-06-07 11:50:59','','There is a normal distribution of bowel gas within the abdomen. No dilated bowel loops or abnormal air-fluid levels are seen. No radiopaque foreign bodies or abnormal calcifications are identified. The soft tissue shadows are within normal limits, and the visualized bony structures appear intact.','No radiographic evidence of acute intra-abdominal pathology.','',5,7,'2026-06-07 19:51:56','ABDOMEN (PEDIA)','inactive','1970-01-01 00:00:00'),(222,'CX-2026-0037',118,1,'X-Ray','ABDOMEN (PEDIA)','Emergency','Without PhilHealth Card','','Pending','Approved','—',NULL,0,'2026-06-07 11:55:04',NULL,NULL,NULL,NULL,NULL,NULL,NULL,NULL,NULL,NULL),(223,'CX-2026-0038',116,1,'X-Ray','ABDOMEN (PEDIA)','Emergency','Without PhilHealth Card','','Completed','Approved','Uploaded','[\"public\\/assets\\/uploads\\/cases\\/case_223_1780833372_0.png\"]',1,'2026-06-07 11:55:32','','There is a normal distribution of bowel gas within the abdomen. No dilated bowel loops or abnormal air-fluid levels are seen. No radiopaque foreign bodies or abnormal calcifications are identified. The soft tissue shadows are within normal limits, and the visualized bony structures appear intact.\n','No radiographic evidence of acute intra-abdominal pathology.\n','',5,7,'2026-06-07 19:56:35','ABDOMEN (PEDIA)','inactive','1970-01-01 00:00:00'),(224,'CX-2026-0039',117,1,'X-Ray','ABDOMEN (PEDIA)','Routine','Without PhilHealth Card','','Completed','Approved','Uploaded','[\"public\\/assets\\/uploads\\/cases\\/case_224_1780833425_0.png\"]',1,'2026-06-07 11:55:58','','There is a normal distribution of bowel gas within the abdomen. No dilated bowel loops or abnormal air-fluid levels are seen. No radiopaque foreign bodies or abnormal calcifications are identified. The soft tissue shadows are within normal limits, and the visualized bony structures appear intact.\n','No radiographic evidence of acute intra-abdominal pathology.\n','',5,7,'2026-06-07 19:57:22','ABDOMEN (PEDIA)','inactive','1970-01-01 00:00:00'),(225,'CX-2026-0040',117,1,'X-Ray','ABDOMEN (PEDIA)','Emergency','Without PhilHealth Card','','Completed','Approved','Uploaded','[\"public\\/assets\\/uploads\\/cases\\/case_225_1780833632_0.png\"]',1,'2026-06-07 11:59:08','','There is a normal distribution of bowel gas within the abdomen. No dilated bowel loops or abnormal air-fluid levels are seen. No radiopaque foreign bodies or abnormal calcifications are identified. The soft tissue shadows are within normal limits, and the visualized bony structures appear intact.\n','No radiographic evidence of acute intra-abdominal pathology.\n','',5,7,'2026-06-07 20:00:55','ABDOMEN (PEDIA)','inactive','1970-01-01 00:00:00'),(226,'CX-2026-0041',117,1,'X-Ray','ABDOMEN (PEDIA)','Emergency','Without PhilHealth Card','','Completed','Approved','Uploaded','[\"public\\/assets\\/uploads\\/cases\\/case_226_1780833701_0.png\"]',1,'2026-06-07 12:01:35','','There is a normal distribution of bowel gas within the abdomen. No dilated bowel loops or abnormal air-fluid levels are seen. No radiopaque foreign bodies or abnormal calcifications are identified. The soft tissue shadows are within normal limits, and the visualized bony structures appear intact.\n','No radiographic evidence of acute intra-abdominal pathology.\n','',5,7,'2026-06-07 20:01:59','ABDOMEN (PEDIA)','inactive','1970-01-01 00:00:00'),(227,'CX-2026-0042',117,1,'X-Ray','ABDOMEN (PEDIA)','Routine','Without PhilHealth Card','','Completed','Approved','Uploaded','[\"public\\/assets\\/uploads\\/cases\\/case_227_1780833825_0.png\"]',1,'2026-06-07 12:03:29','','There is a normal distribution of bowel gas within the abdomen. No dilated bowel loops or abnormal air-fluid levels are seen. No radiopaque foreign bodies or abnormal calcifications are identified. The soft tissue shadows are within normal limits, and the visualized bony structures appear intact.\n','No radiographic evidence of acute intra-abdominal pathology.\n','',5,7,'2026-06-07 20:04:06','ABDOMEN (PEDIA)','inactive','1970-01-01 00:00:00'),(228,'CX-2026-0043',117,1,'X-Ray','ABDOMEN (PEDIA)','Urgent','Without PhilHealth Card','','Completed','Approved','Uploaded','[\"public\\/assets\\/uploads\\/cases\\/case_228_1780833961_0.png\"]',1,'2026-06-07 12:05:29','','There is a normal distribution of bowel gas within the abdomen. No dilated bowel loops or abnormal air-fluid levels are seen. No radiopaque foreign bodies or abnormal calcifications are identified. The soft tissue shadows are within normal limits, and the visualized bony structures appear intact.','No radiographic evidence of acute intra-abdominal pathology.\n','',5,7,'2026-06-07 20:06:20','ABDOMEN (PEDIA)','inactive','1970-01-01 00:00:00'),(229,'CX-2026-0044',117,1,'X-Ray','ABDOMEN (PEDIA)','Urgent','Without PhilHealth Card','','Completed','Approved','Uploaded','[\"public\\/assets\\/uploads\\/cases\\/case_229_1780834049_0.png\"]',1,'2026-06-07 12:07:17','','There is a normal distribution of bowel gas within the abdomen. No dilated bowel loops or abnormal air-fluid levels are seen. No radiopaque foreign bodies or abnormal calcifications are identified. The soft tissue shadows are within normal limits, and the visualized bony structures appear intact.','No radiographic evidence of acute intra-abdominal pathology.\n','',5,7,'2026-06-07 20:07:46','ABDOMEN (PEDIA)','inactive','1970-01-01 00:00:00'),(230,'CX-2026-0045',117,1,'X-Ray','ABDOMEN (PEDIA)','Urgent','Without PhilHealth Card','','Completed','Approved','Uploaded','[\"public\\/assets\\/uploads\\/cases\\/case_230_1780841786_0.png\"]',1,'2026-06-07 14:16:16','','There is a normal distribution of bowel gas within the abdomen. No dilated bowel loops or abnormal air-fluid levels are seen. No radiopaque foreign bodies or abnormal calcifications are identified. The soft tissue shadows are within normal limits, and the visualized bony structures appear intact.','No radiographic evidence of acute intra-abdominal pathology.','',5,7,'2026-06-07 22:20:26','ABDOMEN (PEDIA)','inactive','1970-01-01 00:00:00'),(231,'CX-2026-0046',125,1,'X-Ray','CHEST PA','Routine','Without PhilHealth Card','','Completed','Approved','Uploaded','[\"public\\/assets\\/uploads\\/cases\\/case_231_1780885359_0.jpg\"]',1,'2026-06-08 02:20:41','','dsads','asdasedas','',5,7,'2026-06-08 10:23:01','CHEST PA','inactive','1970-01-01 00:00:00');
/*!40000 ALTER TABLE `cases` ENABLE KEYS */;
UNLOCK TABLES;

--
-- Table structure for table `notifications`
--

DROP TABLE IF EXISTS `notifications`;
/*!40101 SET @saved_cs_client     = @@character_set_client */;
/*!40101 SET character_set_client = utf8 */;
CREATE TABLE `notifications` (
  `id` int(11) NOT NULL AUTO_INCREMENT,
  `user_id` int(11) DEFAULT NULL,
  `role` varchar(50) DEFAULT NULL,
  `branch_id` int(11) DEFAULT NULL,
  `title` varchar(255) NOT NULL,
  `message` text NOT NULL,
  `link` varchar(255) DEFAULT NULL,
  `is_read` tinyint(1) DEFAULT 0,
  `created_at` timestamp NOT NULL DEFAULT current_timestamp(),
  PRIMARY KEY (`id`)
) ENGINE=InnoDB AUTO_INCREMENT=394 DEFAULT CHARSET=utf8mb4 COLLATE=utf8mb4_general_ci;
/*!40101 SET character_set_client = @saved_cs_client */;

--
-- Dumping data for table `notifications`
--

LOCK TABLES `notifications` WRITE;
/*!40000 ALTER TABLE `notifications` DISABLE KEYS */;
INSERT INTO `notifications` VALUES (185,NULL,'radiologist',NULL,'New X-ray Uploaded','X-ray image uploaded for Case CX-2026-0002 and is ready for reading.','/CitiLife-System/index.php?role=radiologist&page=patient-queue&branch_id=1&highlight=CX-2026-0002',1,'2026-04-23 10:56:21'),(186,NULL,'radiologist',NULL,'New X-ray Uploaded','X-ray image uploaded for Case CX-2026-0003 and is ready for reading.','/CitiLife-System/index.php?role=radiologist&page=patient-queue&branch_id=1&highlight=CX-2026-0003',1,'2026-04-23 11:54:38'),(187,NULL,'radtech',1,'Report Ready','Radiology report ready for Case CX-2026-0003 (Gapan). Awaiting release.','/CitiLife-System/index.php?role=radtech&page=patient-details&id=185',1,'2026-04-23 11:56:25'),(188,NULL,'branch_admin',1,'New Patient Registration','Patient Jayr Maglaque has registered and is pending approval.','/CitiLife-System/patient-approvals',1,'2026-04-23 12:00:08'),(189,61,NULL,NULL,'Account Approved','Your patient account has been approved! You can now log in to the Patient Portal.','/CitiLife-System/index.php?role=patient&page=xray-status',0,'2026-04-23 12:01:12'),(190,NULL,'radtech',1,'New Patient Registration','Case CX-2026-0004 awaits approval.','/CitiLife-System/index.php?role=radtech&page=patient-approval&highlight=CX-2026-0004',1,'2026-04-23 12:02:07'),(191,61,'patient',NULL,'Request Approved','Your X-ray request (CX-2026-0004) has been approved. Please proceed to the X-ray room.','/CitiLife-System/my-records?highlight_case=186',0,'2026-04-23 12:03:37'),(192,NULL,'radiologist',NULL,'New X-ray Uploaded','X-ray image uploaded for Case CX-2026-0004 and is ready for reading.','/CitiLife-System/index.php?role=radiologist&page=patient-queue&branch_id=1&highlight=CX-2026-0004',1,'2026-04-23 12:05:16'),(193,NULL,'radtech',1,'Report Ready','Radiology report ready for Case CX-2026-0004 (Gapan). Awaiting release.','/CitiLife-System/index.php?role=radtech&page=patient-details&id=186',1,'2026-04-23 14:17:01'),(194,61,'patient',NULL,'Reading Completed','Your X-ray for Case CX-2026-0004 has been read. It will be released shortly.','/CitiLife-System/my-records?highlight_case=186',0,'2026-04-23 14:17:01'),(195,61,NULL,NULL,'Report Released','Your X-ray report for Case CX-2026-0004 has been released. You can now download it.','/CitiLife-System/my-records?highlight_case=186',0,'2026-04-23 14:17:15'),(196,NULL,'radtech',1,'Report Ready','Radiology report ready for Case CX-2026-0002 (Gapan). Awaiting release.','/CitiLife-System/index.php?role=radtech&page=patient-details&id=184',1,'2026-04-23 14:17:57'),(197,NULL,'radiologist',NULL,'New X-ray Uploaded','X-ray image uploaded for Case CX-2026-0005 and is ready for reading.','/CitiLife-System/index.php?role=radiologist&page=patient-queue&branch_id=2&highlight=CX-2026-0005',1,'2026-04-23 14:23:01'),(198,NULL,'radtech',2,'Report Ready','Radiology report ready for Case CX-2026-0005 (Bongabon). Awaiting release.','/CitiLife-System/index.php?role=radtech&page=patient-details&id=187',1,'2026-04-23 14:23:37'),(199,NULL,'branch_admin',1,'New Record Request','A RadTech from Bongabon has requested records for patient Seigi Pascual.','/CitiLife-System/index.php?role=branch_admin&page=record-requests',1,'2026-04-23 14:24:42'),(200,NULL,'radtech',2,'Record Request Approved','Your request for patient Seigi Pascual has been approved by Gapan.','/CitiLife-System/index.php?role=radtech&page=record-request',1,'2026-04-23 14:25:30'),(201,NULL,'radiologist',NULL,'New X-ray Uploaded','X-ray image uploaded for Case CX-2026-0006 and is ready for reading.','/CitiLife-System/index.php?role=radiologist&page=patient-queue&branch_id=1&highlight=CX-2026-0006',1,'2026-04-24 03:02:15'),(202,NULL,'branch_admin',1,'New Patient Registration','Patient Sedji Pascual has registered and is pending approval.','/CitiLife-System/patient-approvals',1,'2026-05-02 10:21:32'),(203,62,NULL,NULL,'Account Approved','Your patient account has been approved! You can now log in to the Patient Portal.','/CitiLife-System/index.php?role=patient&page=xray-status',1,'2026-05-02 10:21:58'),(204,NULL,'branch_admin',1,'New Patient Registration','Patient Girlie Jackstone has registered and is pending approval.','/CitiLife-System/patient-approvals',1,'2026-05-02 11:08:48'),(205,NULL,'branch_admin',1,'New Patient Registration','Patient Seigi Pascual has registered and is pending approval.','/CitiLife-System/patient-approvals',1,'2026-05-04 10:21:55'),(206,NULL,'branch_admin',1,'New Patient Registration','Patient Seigi Pascual has registered and is pending approval.','/CitiLife-System/patient-approvals',1,'2026-05-04 10:38:31'),(207,NULL,'branch_admin',1,'New Patient Registration','Patient Seigi Pascual has registered and is pending approval.','/CitiLife-System/patient-approvals',1,'2026-05-04 10:46:52'),(208,63,NULL,NULL,'Registration Rejected','Your patient account registration was rejected by the branch admin.','/CitiLife-System/patient-login.php',0,'2026-05-04 10:55:59'),(209,NULL,'branch_admin',1,'New Patient Registration','Patient Ma. Victoria DAngelo- Lopez has registered a new account.','/CitiLife-System/patients',1,'2026-05-04 15:14:54'),(210,NULL,'branch_admin',2,'New Patient Registration','Patient Francheska Claire Lopez has registered a new account.','/CitiLife-System/patients',0,'2026-05-05 08:58:04'),(211,NULL,'branch_admin',2,'New Patient Registration','Patient Francheka Claire Lopez has registered a new account.','/CitiLife-System/patients',0,'2026-05-05 09:15:27'),(212,NULL,'branch_admin',1,'New Patient Registration','Patient Seigi Pascual has registered a new account.','/CitiLife-System/patients',1,'2026-05-05 09:20:21'),(213,NULL,'branch_admin',1,'New Patient Registration','Patient Seigi Pascual has registered a new account.','/CitiLife-System/patients',1,'2026-05-05 10:44:11'),(214,NULL,'branch_admin',1,'New Patient Registration','Patient Jayr Maglaquee has registered a new account.','/CitiLife-System/patients',0,'2026-06-01 07:24:04'),(215,NULL,'branch_admin',1,'New Patient Registration','Patient Rhian Maglaque has registered a new account.','/CitiLife-System/patients',1,'2026-06-01 07:41:10'),(216,NULL,'branch_admin',1,'New Patient Registration','Patient Jayr Maglaque has registered a new account.','/CitiLife-System/patients',1,'2026-06-01 07:45:02'),(217,NULL,'radtech',2,'New Patient Registration','Case CX-2026-0008 awaits approval.','/CitiLife-System/index.php?role=radtech&page=patient-approval&highlight=CX-2026-0008',1,'2026-06-01 07:47:41'),(218,NULL,'radiologist',NULL,'New X-ray Uploaded','X-ray image uploaded for Case CX-2026-0009 and is ready for reading.','/CitiLife-System/index.php?role=radiologist&page=patient-queue&branch_id=2&highlight=CX-2026-0009',1,'2026-06-04 05:20:42'),(219,NULL,'radtech',2,'Report Ready','Radiology report ready for Case CX-2026-0009 (Bongabon). Awaiting release.','/CitiLife-System/index.php?role=radtech&page=patient-details&id=191',1,'2026-06-04 05:39:19'),(220,NULL,'branch_admin',1,'New Record Request','A RadTech from Bongabon has requested records for patient Seigi Pascual.','/CitiLife-System/index.php?role=branch_admin&page=record-requests',1,'2026-06-04 05:48:53'),(221,NULL,'radtech',2,'Record Request Approved','Your request for patient Seigi Pascual has been approved by Gapan.','/CitiLife-System/index.php?role=radtech&page=record-request',1,'2026-06-04 05:50:07'),(222,NULL,'radiologist',NULL,'New X-ray Uploaded','X-ray image uploaded for Case CX-2026-0010 and is ready for reading.','/CitiLife-System/index.php?role=radiologist&page=patient-queue&branch_id=1&highlight=CX-2026-0010',1,'2026-06-04 09:41:08'),(223,NULL,'radiologist',NULL,'New X-ray Uploaded','X-ray image uploaded for Case CX-2026-0011 and is ready for reading.','/CitiLife-System/index.php?role=radiologist&page=patient-queue&branch_id=1&highlight=CX-2026-0011',1,'2026-06-04 09:45:44'),(224,NULL,'radtech',1,'Report Ready','Radiology report ready for Case CX-2026-0011 (Gapan). Awaiting release.','/CitiLife-System/index.php?role=radtech&page=patient-details&id=193',1,'2026-06-04 09:47:30'),(225,NULL,'radtech',1,'Report Ready','Radiology report ready for Case CX-2026-0011 (Gapan). Awaiting release.','/CitiLife-System/index.php?role=radtech&page=patient-details&id=193',1,'2026-06-04 09:58:00'),(226,NULL,'radtech',1,'Report Ready','Radiology report ready for Case CX-2026-0011 (Gapan). Awaiting release.','/CitiLife-System/index.php?role=radtech&page=patient-details&id=193',1,'2026-06-04 10:04:49'),(227,5,NULL,NULL,'Bagong Case (Test)','May bagong radiologist case na kailangang suriin. Oras: 12:10:37 PM','#',1,'2026-06-04 10:10:37'),(228,5,NULL,NULL,'Bagong Case (Test)','May bagong radiologist case na kailangang suriin. Oras: 12:11:11 PM','#',1,'2026-06-04 10:11:11'),(229,5,NULL,NULL,'Bagong Case (Test)','May bagong radiologist case na kailangang suriin. Oras: 12:11:45 PM','#',1,'2026-06-04 10:11:45'),(230,5,NULL,NULL,'Bagong Case (Test)','May bagong radiologist case na kailangang suriin. Oras: 12:12:35 PM','#',1,'2026-06-04 10:12:35'),(231,5,NULL,NULL,'Bagong Case (Test)','May bagong radiologist case na kailangang suriin. Oras: 12:13:49 PM','#',1,'2026-06-04 10:13:49'),(232,5,NULL,NULL,'Bagong Case (Test)','May bagong radiologist case na kailangang suriin. Oras: 12:14:03 PM','#',1,'2026-06-04 10:14:03'),(233,5,NULL,NULL,'Bagong Case (Test)','May bagong radiologist case na kailangang suriin. Oras: 12:17:21 PM','#',1,'2026-06-04 10:17:21'),(234,5,NULL,NULL,'Bagong Case (Test)','May bagong radiologist case na kailangang suriin. Oras: 12:17:29 PM','#',1,'2026-06-04 10:17:29'),(235,5,NULL,NULL,'Bagong Case (Test)','May bagong radiologist case na kailangang suriin. Oras: 12:17:40 PM','#',1,'2026-06-04 10:17:40'),(236,5,NULL,NULL,'Bagong Case (Test)','May bagong radiologist case na kailangang suriin. Oras: 12:17:54 PM','#',1,'2026-06-04 10:17:54'),(237,5,NULL,NULL,'Bagong Case (Test)','May bagong radiologist case na kailangang suriin. Oras: 12:19:30 PM','#',1,'2026-06-04 10:19:30'),(238,5,NULL,NULL,'Bagong Case (Test)','May bagong radiologist case na kailangang suriin. Oras: 12:19:36 PM','#',1,'2026-06-04 10:19:36'),(239,5,NULL,NULL,'Bagong Case (Test)','May bagong radiologist case na kailangang suriin. Oras: 12:20:21 PM','#',1,'2026-06-04 10:20:21'),(240,NULL,'radtech',1,'New Patient Registration','Case CX-2026-0012 awaits approval.','/CitiLife-System/index.php?role=radtech&page=patient-approval&highlight=CX-2026-0012',1,'2026-06-05 03:39:23'),(241,NULL,'radtech',1,'New Patient Registration','Case CX-2026-0013 awaits approval.','/CitiLife-System/index.php?role=radtech&page=patient-approval&highlight=CX-2026-0013',1,'2026-06-05 03:43:44'),(242,62,'patient',NULL,'Request Approved','Your X-ray request (CX-2026-0013) has been approved. Please proceed to the X-ray room.','/CitiLife-System/my-records?highlight_case=196',1,'2026-06-05 04:05:06'),(243,NULL,'radiologist',NULL,'New X-ray Uploaded','X-ray image uploaded for Case CX-2026-0013 and is ready for reading.','/CitiLife-System/index.php?role=radiologist&page=patient-queue&branch_id=1&highlight=CX-2026-0013',1,'2026-06-05 04:05:32'),(244,NULL,'radtech',1,'Report Ready','Radiology report ready for Case CX-2026-0013 (Gapan). Awaiting release.','/CitiLife-System/index.php?role=radtech&page=patient-details&id=196',1,'2026-06-05 04:09:57'),(245,62,'patient',NULL,'Reading Completed','Your X-ray for Case CX-2026-0013 has been read. It will be released shortly.','/CitiLife-System/my-records?highlight_case=196',1,'2026-06-05 04:09:57'),(246,62,NULL,NULL,'Report Released','Your X-ray report for Case CX-2026-0013 has been released. You can now download it.','/CitiLife-System/my-records?highlight_case=196',1,'2026-06-05 04:11:04'),(247,NULL,'radtech',1,'New Patient Registration','Case CX-2026-0014 awaits approval.','/CitiLife-System/index.php?role=radtech&page=patient-approval&highlight=CX-2026-0014',1,'2026-06-05 04:14:30'),(248,62,'patient',NULL,'Request Rejected','Your X-ray request (CX-2026-0014) has been rejected. Please contact the clinic for more info.','/CitiLife-System/index.php?role=patient&page=xray-status',1,'2026-06-05 04:14:55'),(249,NULL,'radtech',1,'New Patient Registration','Case CX-2026-0015 awaits approval.','/CitiLife-System/index.php?role=radtech&page=patient-approval&highlight=CX-2026-0015',1,'2026-06-05 04:20:08'),(250,62,'patient',NULL,'Request Rejected','Your X-ray request (CX-2026-0015) has been rejected. Please contact the clinic for more info.','/CitiLife-System/index.php?role=patient&page=xray-status',1,'2026-06-05 04:20:22'),(251,NULL,'radtech',1,'New Patient Registration','Case CX-2026-0016 awaits approval.','/CitiLife-System/index.php?role=radtech&page=patient-approval&highlight=CX-2026-0016',1,'2026-06-05 04:20:33'),(252,NULL,'radtech',3,'New Patient Registration','Case CX-2026-0016 awaits approval.','/CitiLife-System/index.php?role=radtech&page=patient-approval&highlight=CX-2026-0016',0,'2026-06-05 04:42:11'),(253,62,'patient',NULL,'Request Approved','Your X-ray request (CX-2026-0015) has been approved. Please proceed to the X-ray room.','/CitiLife-System/my-records?highlight_case=199',1,'2026-06-05 04:51:26'),(254,62,'patient',NULL,'Request Approved','Your X-ray request (CX-2026-0016) has been approved. Please proceed to the X-ray room.','/CitiLife-System/my-records?highlight_case=200',1,'2026-06-05 04:51:46'),(255,NULL,'radiologist',NULL,'New X-ray Uploaded','X-ray image uploaded for Case CX-2026-0016 and is ready for reading.','/CitiLife-System/index.php?role=radiologist&page=patient-queue&branch_id=3&highlight=CX-2026-0016',1,'2026-06-05 04:52:16'),(256,NULL,'radiologist',NULL,'New X-ray Uploaded','X-ray image uploaded for Case CX-2026-0015 and is ready for reading.','/CitiLife-System/index.php?role=radiologist&page=patient-queue&branch_id=1&highlight=CX-2026-0015',1,'2026-06-05 04:52:53'),(257,NULL,'radtech',1,'Report Ready','Radiology report ready for Case CX-2026-0006 (Gapan). Awaiting release.','/CitiLife-System/index.php?role=radtech&page=patient-details&id=188',1,'2026-06-05 04:53:51'),(258,NULL,'radtech',1,'Report Ready','Radiology report ready for Case CX-2026-0006 (Gapan). Awaiting release.','/CitiLife-System/index.php?role=radtech&page=patient-details&id=188',1,'2026-06-05 04:54:23'),(259,NULL,'radtech',3,'Report Ready','Radiology report ready for Case CX-2026-0016 (Peñaranda). Awaiting release.','/CitiLife-System/index.php?role=radtech&page=patient-details&id=200',0,'2026-06-05 04:54:56'),(260,62,'patient',NULL,'Reading Completed','Your X-ray for Case CX-2026-0016 has been read. It will be released shortly.','/CitiLife-System/my-records?highlight_case=200',1,'2026-06-05 04:54:56'),(261,NULL,'radtech',1,'Report Ready','Radiology report ready for Case CX-2026-0015 (Gapan). Awaiting release.','/CitiLife-System/index.php?role=radtech&page=patient-details&id=199',1,'2026-06-05 04:55:34'),(262,62,'patient',NULL,'Reading Completed','Your X-ray for Case CX-2026-0015 has been read. It will be released shortly.','/CitiLife-System/my-records?highlight_case=199',1,'2026-06-05 04:55:34'),(263,62,NULL,NULL,'Report Released','Your X-ray report for Case CX-2026-0015 has been released. You can now download it.','/CitiLife-System/my-records?highlight_case=199',1,'2026-06-05 04:55:55'),(264,62,NULL,NULL,'Report Released','Your X-ray report for Case CX-2026-0016 has been released. You can now download it.','/CitiLife-System/my-records?highlight_case=200',1,'2026-06-05 04:56:26'),(265,NULL,'radtech',1,'New Patient Registration','Case CX-2026-0017 awaits approval.','/CitiLife-System/index.php?role=radtech&page=patient-approval&highlight=CX-2026-0017',1,'2026-06-05 05:11:08'),(266,62,'patient',NULL,'Request Approved','Your X-ray request (CX-2026-0017) has been approved. Please proceed to the X-ray room.','/CitiLife-System/my-records?highlight_case=201',1,'2026-06-05 05:11:35'),(267,NULL,'radiologist',NULL,'New X-ray Uploaded','X-ray image uploaded for Case CX-2026-0017 and is ready for reading.','/CitiLife-System/index.php?role=radiologist&page=patient-queue&branch_id=1&highlight=CX-2026-0017',1,'2026-06-05 05:12:08'),(268,NULL,'radtech',1,'Report Ready','Radiology report ready for Case CX-2026-0017 (Gapan). Awaiting release.','/CitiLife-System/index.php?role=radtech&page=patient-details&id=201',1,'2026-06-05 05:12:40'),(269,62,'patient',NULL,'Reading Completed','Your X-ray for Case CX-2026-0017 has been read. It will be released shortly.','/CitiLife-System/my-records?highlight_case=201',1,'2026-06-05 05:12:40'),(270,62,NULL,NULL,'Report Released','Your X-ray report for Case CX-2026-0017 has been released. You can now download it.','/CitiLife-System/my-records?highlight_case=201',1,'2026-06-05 05:17:27'),(271,NULL,'radtech',1,'New Patient Registration','Case CX-2026-0018 awaits approval.','/CitiLife-System/index.php?role=radtech&page=patient-approval&highlight=CX-2026-0018',1,'2026-06-05 05:18:20'),(272,62,'patient',NULL,'Request Approved','Your X-ray request (CX-2026-0018) has been approved. Please proceed to the X-ray room.','/CitiLife-System/my-records?highlight_case=202',1,'2026-06-05 05:18:27'),(273,NULL,'radiologist',NULL,'New X-ray Uploaded','X-ray image uploaded for Case CX-2026-0018 and is ready for reading.','/CitiLife-System/index.php?role=radiologist&page=patient-queue&branch_id=1&highlight=CX-2026-0018',1,'2026-06-05 05:18:47'),(274,NULL,'radtech',1,'Report Ready','Radiology report ready for Case CX-2026-0018 (Gapan). Awaiting release.','/CitiLife-System/index.php?role=radtech&page=patient-details&id=202',1,'2026-06-05 05:29:30'),(275,62,'patient',NULL,'Reading Completed','Your X-ray for Case CX-2026-0018 has been read. It will be released shortly.','/CitiLife-System/my-records?highlight_case=202',1,'2026-06-05 05:29:30'),(276,62,NULL,NULL,'Report Released','Your X-ray report for Case CX-2026-0018 has been released. You can now download it.','/CitiLife-System/my-records?highlight_case=202',1,'2026-06-05 05:48:15'),(277,61,'patient',NULL,'Request Approved','Your X-ray request (CX-2026-0012) has been approved. Please proceed to the X-ray room.','/CitiLife-System/my-records?highlight_case=195',0,'2026-06-05 06:32:45'),(278,NULL,'radiologist',NULL,'New X-ray Uploaded','X-ray image uploaded for Case CX-2026-0012 and is ready for reading.','/CitiLife-System/index.php?role=radiologist&page=patient-queue&branch_id=1&highlight=CX-2026-0012',1,'2026-06-05 06:32:54'),(279,NULL,'radtech',1,'Report Ready','Radiology report ready for Case CX-2026-0012 (Gapan). Awaiting release.','/CitiLife-System/index.php?role=radtech&page=patient-details&id=195',1,'2026-06-05 06:33:16'),(280,61,'patient',NULL,'Reading Completed','Your X-ray for Case CX-2026-0012 has been read. It will be released shortly.','/CitiLife-System/my-records?highlight_case=195',0,'2026-06-05 06:33:16'),(281,61,NULL,NULL,'Report Released','Your X-ray report for Case CX-2026-0012 has been released. You can now download it.','/CitiLife-System/my-records?highlight_case=195',0,'2026-06-05 06:33:32'),(282,NULL,'radiologist',NULL,'New X-ray Uploaded','X-ray image uploaded for Case CX-2026-0019 and is ready for reading.','/CitiLife-System/index.php?role=radiologist&page=patient-queue&branch_id=1&highlight=CX-2026-0019',1,'2026-06-05 06:47:29'),(283,NULL,'radtech',1,'Report Ready','Radiology report ready for Case CX-2026-0019 (Gapan). Awaiting release.','/CitiLife-System/index.php?role=radtech&page=patient-details&id=203',1,'2026-06-05 06:47:52'),(284,62,'patient',NULL,'Reading Completed','Your X-ray for Case CX-2026-0019 has been read. It will be released shortly.','/CitiLife-System/my-records?highlight_case=203',1,'2026-06-05 06:47:52'),(285,62,NULL,NULL,'Report Released','Your X-ray report for Case CX-2026-0019 has been released. You can now download it.','/CitiLife-System/my-records?highlight_case=203',1,'2026-06-05 06:48:15'),(286,NULL,'radiologist',NULL,'New X-ray Uploaded','X-ray image uploaded for Case CX-2026-0020 and is ready for reading.','/CitiLife-System/index.php?role=radiologist&page=patient-queue&branch_id=1&highlight=CX-2026-0020',1,'2026-06-05 09:45:14'),(287,NULL,'radtech',1,'Report Ready','Radiology report ready for Case CX-2026-0020 (Gapan). Awaiting release.','/CitiLife-System/index.php?role=radtech&page=patient-details&id=204',1,'2026-06-05 09:45:56'),(288,NULL,'radiologist',NULL,'New X-ray Uploaded','X-ray image uploaded for Case CX-2026-0021 and is ready for reading.','/CitiLife-System/index.php?role=radiologist&page=patient-queue&branch_id=1&highlight=CX-2026-0021',1,'2026-06-05 11:04:40'),(289,NULL,'radtech',1,'Report Ready','Radiology report ready for Case CX-2026-0010 (Gapan). Awaiting release.','/CitiLife-System/index.php?role=radtech&page=patient-details&id=192',1,'2026-06-05 11:05:39'),(290,61,'patient',NULL,'Reading Completed','Your X-ray for Case CX-2026-0010 has been read. It will be released shortly.','/CitiLife-System/my-records?highlight_case=192',0,'2026-06-05 11:05:39'),(291,61,NULL,NULL,'Report Released','Your X-ray report for Case CX-2026-0010 has been released. You can now download it.','/CitiLife-System/my-records?highlight_case=192',0,'2026-06-05 11:05:50'),(292,NULL,'radtech',1,'Report Ready','Radiology report ready for Case CX-2026-0021 (Gapan). Awaiting release.','/CitiLife-System/index.php?role=radtech&page=patient-details&id=205',1,'2026-06-05 11:07:09'),(293,63,'patient',NULL,'Reading Completed','Your X-ray for Case CX-2026-0021 has been read. It will be released shortly.','/CitiLife-System/my-records?highlight_case=205',0,'2026-06-05 11:07:09'),(294,63,NULL,NULL,'Report Released','Your X-ray report for Case CX-2026-0021 has been released. You can now download it.','/CitiLife-System/my-records?highlight_case=205',0,'2026-06-05 11:07:18'),(295,NULL,'radiologist',NULL,'New X-ray Uploaded','X-ray image uploaded for Case CX-2026-0022 and is ready for reading.','/CitiLife-System/index.php?role=radiologist&page=patient-queue&branch_id=1&highlight=CX-2026-0022',1,'2026-06-06 10:44:05'),(296,NULL,'radtech',1,'Report Ready','Radiology report ready for Case CX-2026-0022 (Gapan). Awaiting release.','/CitiLife-System/index.php?role=radtech&page=patient-details&id=206',1,'2026-06-06 10:45:02'),(297,63,'patient',NULL,'Reading Completed','Your X-ray for Case CX-2026-0022 has been read. It will be released shortly.','/CitiLife-System/my-records?highlight_case=206',0,'2026-06-06 10:45:02'),(298,63,NULL,NULL,'Report Released','Your X-ray report for Case CX-2026-0022 has been released. You can now download it.','/CitiLife-System/my-records?highlight_case=206',0,'2026-06-06 10:46:10'),(299,NULL,'radiologist',NULL,'New X-ray Uploaded','X-ray image uploaded for Case CX-2026-0023 and is ready for reading.','/CitiLife-System/index.php?role=radiologist&page=patient-queue&branch_id=1&highlight=CX-2026-0023',1,'2026-06-06 10:49:35'),(300,NULL,'radtech',1,'Report Ready','Radiology report ready for Case CX-2026-0023 (Gapan). Awaiting release.','/CitiLife-System/index.php?role=radtech&page=patient-details&id=207',1,'2026-06-06 10:50:25'),(301,62,'patient',NULL,'Reading Completed','Your X-ray for Case CX-2026-0023 has been read. It will be released shortly.','/CitiLife-System/my-records?highlight_case=207',1,'2026-06-06 10:50:25'),(302,62,NULL,NULL,'Report Released','Your X-ray report for Case CX-2026-0023 has been released. You can now download it.','/CitiLife-System/my-records?highlight_case=207',1,'2026-06-06 10:50:49'),(303,NULL,'radiologist',NULL,'New X-ray Uploaded','X-ray image uploaded for Case CX-2026-0024 and is ready for reading.','/CitiLife-System/index.php?role=radiologist&page=patient-queue&branch_id=1&highlight=CX-2026-0024',1,'2026-06-06 10:57:17'),(304,NULL,'radtech',1,'Report Ready','Radiology report ready for Case CX-2026-0024 (Gapan). Awaiting release.','/CitiLife-System/index.php?role=radtech&page=patient-details&id=208',1,'2026-06-06 10:58:04'),(305,62,'patient',NULL,'Reading Completed','Your X-ray for Case CX-2026-0024 has been read. It will be released shortly.','/CitiLife-System/my-records?highlight_case=208',1,'2026-06-06 10:58:04'),(306,62,NULL,NULL,'Report Released','Your X-ray report for Case CX-2026-0024 has been released. You can now download it.','/CitiLife-System/my-records?highlight_case=208',1,'2026-06-06 10:58:34'),(307,NULL,'radiologist',NULL,'New X-ray Uploaded','X-ray image uploaded for Case CX-2026-0025 and is ready for reading.','/CitiLife-System/index.php?role=radiologist&page=patient-queue&branch_id=1&highlight=CX-2026-0025',1,'2026-06-06 12:09:06'),(308,NULL,'radtech',1,'Report Ready','Radiology report ready for Case CX-2026-0025 (Gapan). Awaiting release.','/CitiLife-System/index.php?role=radtech&page=patient-details&id=209',1,'2026-06-06 12:09:39'),(309,62,'patient',NULL,'Reading Completed','Your X-ray for Case CX-2026-0025 has been read. It will be released shortly.','/CitiLife-System/my-records?highlight_case=209',1,'2026-06-06 12:09:39'),(310,62,NULL,NULL,'Report Released','Your X-ray report for Case CX-2026-0025 has been released. You can now download it.','/CitiLife-System/my-records?highlight_case=209',1,'2026-06-06 12:10:14'),(311,NULL,'radiologist',NULL,'New X-ray Uploaded','X-ray image uploaded for Case CX-2026-0026 and is ready for reading.','/CitiLife-System/index.php?role=radiologist&page=patient-queue&branch_id=1&highlight=CX-2026-0026',1,'2026-06-06 12:15:09'),(312,NULL,'radtech',1,'Report Ready','Radiology report ready for Case CX-2026-0026 (Gapan). Awaiting release.','/CitiLife-System/index.php?role=radtech&page=patient-details&id=210',1,'2026-06-06 12:15:33'),(313,63,'patient',NULL,'Reading Completed','Your X-ray for Case CX-2026-0026 has been read. It will be released shortly.','/CitiLife-System/my-records?highlight_case=210',0,'2026-06-06 12:15:33'),(314,63,NULL,NULL,'Report Released','Your X-ray report for Case CX-2026-0026 has been released. You can now download it.','/CitiLife-System/my-records?highlight_case=210',0,'2026-06-06 12:16:05'),(315,NULL,'radiologist',NULL,'New X-ray Uploaded','X-ray image uploaded for Case CX-2026-0027 and is ready for reading.','/CitiLife-System/index.php?role=radiologist&page=patient-queue&branch_id=1&highlight=CX-2026-0027',1,'2026-06-06 14:23:15'),(316,NULL,'radtech',1,'Report Ready','Radiology report ready for Case CX-2026-0027 (Gapan). Awaiting release.','/CitiLife-System/index.php?role=radtech&page=patient-details&id=211',1,'2026-06-06 14:23:37'),(317,62,'patient',NULL,'Reading Completed','Your X-ray for Case CX-2026-0027 has been read. It will be released shortly.','/CitiLife-System/my-records?highlight_case=211',1,'2026-06-06 14:23:37'),(318,62,NULL,NULL,'Report Released','Your X-ray report for Case CX-2026-0027 has been released. You can now download it.','/CitiLife-System/my-records?highlight_case=211',1,'2026-06-06 14:25:09'),(319,NULL,'radiologist',NULL,'New X-ray Uploaded','X-ray image uploaded for Case CX-2026-0028 and is ready for reading.','/CitiLife-System/index.php?role=radiologist&page=patient-queue&branch_id=1&highlight=CX-2026-0028',1,'2026-06-06 15:22:55'),(320,NULL,'radtech',1,'Report Ready','Radiology report ready for Case CX-2026-0028 (Gapan). Awaiting release.','/CitiLife-System/index.php?role=radtech&page=patient-details&id=212',1,'2026-06-06 15:23:32'),(321,63,'patient',NULL,'Reading Completed','Your X-ray for Case CX-2026-0028 has been read. It will be released shortly.','/CitiLife-System/my-records?highlight_case=212',0,'2026-06-06 15:23:32'),(322,63,NULL,NULL,'Report Released','Your X-ray report for Case CX-2026-0028 has been released. You can now download it.','/CitiLife-System/my-records?highlight_case=212',0,'2026-06-06 15:24:00'),(323,NULL,'radiologist',NULL,'New X-ray Uploaded','X-ray image uploaded for Case CX-2026-0029 and is ready for reading.','/CitiLife-System/index.php?role=radiologist&page=patient-queue&branch_id=1&highlight=CX-2026-0029',1,'2026-06-06 15:32:14'),(324,NULL,'radtech',1,'Report Ready','Radiology report ready for Case CX-2026-0029 (Gapan). Awaiting release.','/CitiLife-System/index.php?role=radtech&page=patient-details&id=213',1,'2026-06-06 15:32:51'),(325,63,'patient',NULL,'Reading Completed','Your X-ray for Case CX-2026-0029 has been read. It will be released shortly.','/CitiLife-System/my-records?highlight_case=213',0,'2026-06-06 15:32:51'),(326,63,NULL,NULL,'Report Released','Your X-ray report for Case CX-2026-0029 has been released. You can now download it.','/CitiLife-System/my-records?highlight_case=213',0,'2026-06-07 03:10:56'),(327,NULL,'radiologist',NULL,'New X-ray Uploaded','X-ray image uploaded for Case CX-2026-0030 and is ready for reading.','/CitiLife-System/index.php?role=radiologist&page=patient-queue&branch_id=1&highlight=CX-2026-0030',1,'2026-06-07 05:30:47'),(328,NULL,'radtech',1,'Report Ready','Radiology report ready for Case CX-2026-0030 (Gapan). Awaiting release.','/CitiLife-System/index.php?role=radtech&page=patient-details&id=214',1,'2026-06-07 05:31:56'),(329,63,'patient',NULL,'Reading Completed','Your X-ray for Case CX-2026-0030 has been read. It will be released shortly.','/CitiLife-System/my-records?highlight_case=214',0,'2026-06-07 05:31:56'),(330,63,NULL,NULL,'Report Released','Your X-ray report for Case CX-2026-0030 has been released. You can now download it.','/CitiLife-System/my-records?highlight_case=214',0,'2026-06-07 05:34:28'),(331,NULL,'radiologist',NULL,'New X-ray Uploaded','X-ray image uploaded for Case CX-2026-0031 and is ready for reading.','/CitiLife-System/index.php?role=radiologist&page=patient-queue&branch_id=1&highlight=CX-2026-0031',1,'2026-06-07 07:00:20'),(332,NULL,'radtech',1,'Report Ready','Radiology report ready for Case CX-2026-0031 (Gapan). Awaiting release.','/CitiLife-System/index.php?role=radtech&page=patient-details&id=215',1,'2026-06-07 07:00:42'),(333,63,'patient',NULL,'Reading Completed','Your X-ray for Case CX-2026-0031 has been read. It will be released shortly.','/CitiLife-System/my-records?highlight_case=215',0,'2026-06-07 07:00:42'),(334,63,NULL,NULL,'Report Released','Your X-ray report for Case CX-2026-0031 has been released. You can now download it.','/CitiLife-System/my-records?highlight_case=215',0,'2026-06-07 07:06:49'),(335,NULL,'branch_admin',3,'New Record Request','A RadTech from Gapan has requested records for patient Seigi Pascual.','/CitiLife-System/index.php?role=branch_admin&page=record-requests',1,'2026-06-07 07:09:03'),(336,NULL,'radtech',1,'Record Request Approved','Your request for patient Seigi Pascual has been approved by Peñaranda.','/CitiLife-System/index.php?role=radtech&page=record-request',1,'2026-06-07 07:10:04'),(337,NULL,'radiologist',NULL,'New X-ray Uploaded','X-ray image uploaded for Case CX-2026-0032 and is ready for reading.','/CitiLife-System/index.php?role=radiologist&page=patient-queue&branch_id=2&highlight=CX-2026-0032',0,'2026-06-07 09:44:50'),(338,NULL,'radtech',2,'Report Ready','Radiology report ready for Case CX-2026-0032 (Bongabon). Awaiting release.','/CitiLife-System/index.php?role=radtech&page=patient-details&id=216',1,'2026-06-07 09:45:56'),(339,NULL,'radiologist',NULL,'New X-ray Uploaded','X-ray image uploaded for Case CX-2026-0033 and is ready for reading.','/CitiLife-System/index.php?role=radiologist&page=patient-queue&branch_id=2&highlight=CX-2026-0033',0,'2026-06-07 10:12:07'),(340,NULL,'radtech',2,'Report Ready','Radiology report ready for Case CX-2026-0033 (Bongabon). Awaiting release.','/CitiLife-System/index.php?role=radtech&page=patient-details&id=217',1,'2026-06-07 10:13:05'),(341,NULL,'radtech',1,'New Patient Registration','Case CX-2026-0034 awaits approval.','/CitiLife-System/index.php?role=radtech&page=patient-approval&highlight=CX-2026-0034',1,'2026-06-07 10:17:47'),(342,62,'patient',NULL,'Request Approved','Your X-ray request (CX-2026-0034) has been approved. Please proceed to the X-ray room.','/CitiLife-System/my-records?highlight_case=218',1,'2026-06-07 10:18:53'),(343,NULL,'radiologist',NULL,'New X-ray Uploaded','X-ray image uploaded for Case CX-2026-0034 and is ready for reading.','/CitiLife-System/index.php?role=radiologist&page=patient-queue&branch_id=1&highlight=CX-2026-0034',0,'2026-06-07 10:20:12'),(344,NULL,'radtech',1,'Report Ready','Radiology report ready for Case CX-2026-0034 (Gapan). Awaiting release.','/CitiLife-System/index.php?role=radtech&page=patient-lists&highlight=CX-2026-0034',1,'2026-06-07 10:21:50'),(345,62,'patient',NULL,'Reading Completed','Your X-ray for Case CX-2026-0034 has been read. It will be released shortly.','/CitiLife-System/my-records?highlight_case=218',1,'2026-06-07 10:21:50'),(346,62,NULL,NULL,'Report Released','Your X-ray report for Case CX-2026-0034 has been released. You can now download it.','/CitiLife-System/my-records?highlight_case=218',1,'2026-06-07 10:22:37'),(347,NULL,'radtech',1,'New Patient Registration','Case CX-2026-0035 awaits approval.','/CitiLife-System/index.php?role=radtech&page=patient-approval&highlight=CX-2026-0035',1,'2026-06-07 11:36:53'),(348,62,'patient',NULL,'Request Rejected','Your X-ray request (CX-2026-0035) has been rejected. Please contact the clinic for more info.','/CitiLife-System/index.php?role=patient&page=xray-status',1,'2026-06-07 11:37:11'),(349,NULL,'radtech',1,'New Patient Registration','Case CX-2026-0035 awaits approval.','/CitiLife-System/index.php?role=radtech&page=patient-approval&highlight=CX-2026-0035',1,'2026-06-07 11:42:01'),(350,62,'patient',NULL,'Request Approved','Your X-ray request (CX-2026-0035) has been approved. Please proceed to the X-ray room.','/CitiLife-System/my-records?highlight_case=220',1,'2026-06-07 11:42:29'),(351,NULL,'radiologist',NULL,'New X-ray Uploaded','X-ray image uploaded for Case CX-2026-0035 and is ready for reading.','/CitiLife-System/index.php?role=radiologist&page=patient-queue&branch_id=1&highlight=CX-2026-0035',0,'2026-06-07 11:42:55'),(352,NULL,'radtech',1,'Report Ready','Radiology report ready for Case CX-2026-0035 (Gapan). Awaiting release.','/CitiLife-System/index.php?role=radtech&page=patient-lists&highlight=CX-2026-0035',1,'2026-06-07 11:43:31'),(353,62,'patient',NULL,'Reading Completed','Your X-ray for Case CX-2026-0035 has been read. It will be released shortly.','/CitiLife-System/my-records?highlight_case=220',1,'2026-06-07 11:43:31'),(354,62,NULL,NULL,'Report Released','Your X-ray report for Case CX-2026-0035 has been released. You can now download it.','/CitiLife-System/my-records?highlight_case=220',1,'2026-06-07 11:44:31'),(355,NULL,'radtech',1,'New Patient Registration','Case CX-2026-0036 awaits approval.','/CitiLife-System/index.php?role=radtech&page=patient-approval&highlight=CX-2026-0036',1,'2026-06-07 11:50:59'),(356,62,'patient',NULL,'Request Approved','Your X-ray request (CX-2026-0036) has been approved. Please proceed to the X-ray room.','/CitiLife-System/my-records?highlight_case=221',1,'2026-06-07 11:51:09'),(357,NULL,'radiologist',NULL,'New X-ray Uploaded','X-ray image uploaded for Case CX-2026-0036 and is ready for reading.','/CitiLife-System/index.php?role=radiologist&page=patient-queue&branch_id=1&highlight=CX-2026-0036',0,'2026-06-07 11:51:27'),(358,NULL,'radtech',1,'Report Ready','Radiology report ready for Case CX-2026-0036 (Gapan). Awaiting release.','/CitiLife-System/index.php?role=radtech&page=patient-lists&highlight=CX-2026-0036',1,'2026-06-07 11:51:56'),(359,62,'patient',NULL,'Reading Completed','Your X-ray for Case CX-2026-0036 has been read. It will be released shortly.','/CitiLife-System/my-records?highlight_case=221',1,'2026-06-07 11:51:56'),(360,62,NULL,NULL,'Report Released','Your X-ray report for Case CX-2026-0036 has been released. You can now download it.','/CitiLife-System/my-records?highlight_case=221',1,'2026-06-07 11:52:15'),(361,NULL,'radiologist',NULL,'New X-ray Uploaded','X-ray image uploaded for Case CX-2026-0038 and is ready for reading.','/CitiLife-System/index.php?role=radiologist&page=patient-queue&branch_id=1&highlight=CX-2026-0038',0,'2026-06-07 11:56:12'),(362,NULL,'radtech',1,'Report Ready','Radiology report ready for Case CX-2026-0038 (Gapan). Awaiting release.','/CitiLife-System/index.php?role=radtech&page=patient-lists&highlight=CX-2026-0038',1,'2026-06-07 11:56:35'),(363,NULL,'radiologist',NULL,'New X-ray Uploaded','X-ray image uploaded for Case CX-2026-0039 and is ready for reading.','/CitiLife-System/index.php?role=radiologist&page=patient-queue&branch_id=1&highlight=CX-2026-0039',0,'2026-06-07 11:57:05'),(364,NULL,'radtech',1,'Report Ready','Radiology report ready for Case CX-2026-0039 (Gapan). Awaiting release.','/CitiLife-System/index.php?role=radtech&page=patient-lists&highlight=CX-2026-0039',1,'2026-06-07 11:57:22'),(365,62,'patient',NULL,'Reading Completed','Your X-ray for Case CX-2026-0039 has been read. It will be released shortly.','/CitiLife-System/my-records?highlight_case=224',1,'2026-06-07 11:57:22'),(366,62,NULL,NULL,'Report Released','Your X-ray report for Case CX-2026-0039 has been released. You can now download it.','/CitiLife-System/my-records?highlight_case=224',1,'2026-06-07 11:57:43'),(367,NULL,'radiologist',NULL,'New X-ray Uploaded','X-ray image uploaded for Case CX-2026-0040 and is ready for reading.','/CitiLife-System/index.php?role=radiologist&page=patient-queue&branch_id=1&highlight=CX-2026-0040',0,'2026-06-07 12:00:32'),(368,NULL,'radtech',1,'Report Ready','Radiology report ready for Case CX-2026-0040 (Gapan). Awaiting release.','/CitiLife-System/index.php?role=radtech&page=patient-lists&highlight=CX-2026-0040',1,'2026-06-07 12:00:55'),(369,62,'patient',NULL,'Reading Completed','Your X-ray for Case CX-2026-0040 has been read. It will be released shortly.','/CitiLife-System/index.php?role=patient&page=xray-status&case_id=225',1,'2026-06-07 12:00:55'),(370,62,NULL,NULL,'Report Released','Your X-ray report for Case CX-2026-0040 has been released. You can now download it.','/CitiLife-System/my-records?highlight_case=225',1,'2026-06-07 12:01:06'),(371,NULL,'radiologist',NULL,'New X-ray Uploaded','X-ray image uploaded for Case CX-2026-0041 and is ready for reading.','/CitiLife-System/index.php?role=radiologist&page=patient-queue&branch_id=1&highlight=CX-2026-0041',0,'2026-06-07 12:01:41'),(372,NULL,'radtech',1,'Report Ready','Radiology report ready for Case CX-2026-0041 (Gapan). Awaiting release.','/CitiLife-System/index.php?role=radtech&page=patient-lists&highlight=CX-2026-0041',1,'2026-06-07 12:01:59'),(373,62,'patient',NULL,'Reading Completed','Your X-ray for Case CX-2026-0041 has been read. It will be released shortly.','/CitiLife-System/index.php?role=patient&page=xray-status&case_id=226',1,'2026-06-07 12:01:59'),(374,62,NULL,NULL,'Report Released','Your X-ray report for Case CX-2026-0041 has been released. You can now download it.','/CitiLife-System/my-records?highlight_case=226',1,'2026-06-07 12:02:14'),(375,NULL,'radiologist',NULL,'New X-ray Uploaded','X-ray image uploaded for Case CX-2026-0042 and is ready for reading.','/CitiLife-System/index.php?role=radiologist&page=patient-queue&branch_id=1&highlight=CX-2026-0042',0,'2026-06-07 12:03:45'),(376,NULL,'radtech',1,'Report Ready','Radiology report ready for Case CX-2026-0042 (Gapan). Awaiting release.','/CitiLife-System/index.php?role=radtech&page=patient-lists&highlight=CX-2026-0042',1,'2026-06-07 12:04:06'),(377,62,'patient',NULL,'Reading Completed','Your X-ray for Case CX-2026-0042 has been read. It will be released shortly.','/CitiLife-System/index.php?role=patient&page=xray-status&case_id=227',1,'2026-06-07 12:04:06'),(378,62,NULL,NULL,'Report Released','Your X-ray report for Case CX-2026-0042 has been released. You can now download it.','/CitiLife-System/my-records?highlight_case=227',1,'2026-06-07 12:04:32'),(379,NULL,'radiologist',NULL,'New X-ray Uploaded','X-ray image uploaded for Case CX-2026-0043 and is ready for reading.','/CitiLife-System/index.php?role=radiologist&page=patient-queue&branch_id=1&highlight=CX-2026-0043',0,'2026-06-07 12:06:01'),(380,NULL,'radtech',1,'Report Ready','Radiology report ready for Case CX-2026-0043 (Gapan). Awaiting release.','/CitiLife-System/index.php?role=radtech&page=patient-lists&highlight=CX-2026-0043',1,'2026-06-07 12:06:20'),(381,62,'patient',NULL,'Reading Completed','Your X-ray for Case CX-2026-0043 has been read. It will be released shortly.','/CitiLife-System/index.php?role=patient&page=xray-status&case_id=228',1,'2026-06-07 12:06:20'),(382,62,NULL,NULL,'Report Released','Your X-ray report for Case CX-2026-0043 has been released. You can now download it.','/CitiLife-System/my-records?highlight_case=228',1,'2026-06-07 12:06:47'),(383,NULL,'radiologist',NULL,'New X-ray Uploaded','X-ray image uploaded for Case CX-2026-0044 and is ready for reading.','/CitiLife-System/index.php?role=radiologist&page=patient-queue&branch_id=1&highlight=CX-2026-0044',0,'2026-06-07 12:07:29'),(384,NULL,'radtech',1,'Report Ready','Radiology report ready for Case CX-2026-0044 (Gapan). Awaiting release.','/CitiLife-System/index.php?role=radtech&page=patient-lists&highlight=CX-2026-0044',1,'2026-06-07 12:07:46'),(385,62,'patient',NULL,'Reading Completed','Your X-ray for Case CX-2026-0044 has been read. It will be released shortly.','/CitiLife-System/index.php?role=patient&page=xray-status&case_id=229',1,'2026-06-07 12:07:46'),(386,62,NULL,NULL,'Report Released','Your X-ray report for Case CX-2026-0044 has been released. You can now download it.','/CitiLife-System/my-records?highlight_case=229',1,'2026-06-07 12:07:59'),(387,NULL,'radiologist',NULL,'New X-ray Uploaded','X-ray image uploaded for Case CX-2026-0045 and is ready for reading.','/CitiLife-System/index.php?role=radiologist&page=patient-queue&branch_id=1&highlight=CX-2026-0045',0,'2026-06-07 14:16:26'),(388,NULL,'radtech',1,'Report Ready','Radiology report ready for Case CX-2026-0045 (Gapan). Awaiting release.','/CitiLife-System/index.php?role=radtech&page=patient-lists&highlight=CX-2026-0045',1,'2026-06-07 14:20:26'),(389,62,'patient',NULL,'Reading Completed','Your X-ray for Case CX-2026-0045 has been read. It will be released shortly.','/CitiLife-System/index.php?role=patient&page=xray-status&case_id=230',1,'2026-06-07 14:20:26'),(390,62,NULL,NULL,'Report Released','Your X-ray report for Case CX-2026-0045 has been released. You can now download it.','/CitiLife-System/my-records?highlight_case=230',1,'2026-06-07 14:21:39'),(391,NULL,'branch_admin',1,'New Patient Registration','Patient Mima Sassa Gurl has registered a new account.','/CitiLife-System/patients',0,'2026-06-08 02:14:34'),(392,NULL,'radiologist',NULL,'New X-ray Uploaded','X-ray image uploaded for Case CX-2026-0046 and is ready for reading.','/CitiLife-System/index.php?role=radiologist&page=patient-queue&branch_id=1&highlight=CX-2026-0046',0,'2026-06-08 02:22:39'),(393,NULL,'radtech',1,'Report Ready','Radiology report ready for Case CX-2026-0046 (Gapan). Awaiting release.','/CitiLife-System/index.php?role=radtech&page=patient-lists&highlight=CX-2026-0046',1,'2026-06-08 02:23:01');
/*!40000 ALTER TABLE `notifications` ENABLE KEYS */;
UNLOCK TABLES;

--
-- Table structure for table `patients`
--

DROP TABLE IF EXISTS `patients`;
/*!40101 SET @saved_cs_client     = @@character_set_client */;
/*!40101 SET character_set_client = utf8 */;
CREATE TABLE `patients` (
  `id` int(11) NOT NULL AUTO_INCREMENT,
  `patient_number` varchar(50) DEFAULT NULL,
  `first_name` varchar(100) NOT NULL,
  `last_name` varchar(100) NOT NULL,
  `sex` enum('Male','Female') NOT NULL,
  `contact_number` varchar(50) DEFAULT NULL,
  `branch_id` int(11) DEFAULT NULL,
  `created_at` timestamp NOT NULL DEFAULT current_timestamp(),
  `birthdate` date NOT NULL,
  PRIMARY KEY (`id`),
  UNIQUE KEY `patient_number` (`patient_number`),
  KEY `fk_patients_branch` (`branch_id`),
  CONSTRAINT `fk_patients_branch` FOREIGN KEY (`branch_id`) REFERENCES `branches` (`id`) ON DELETE SET NULL
) ENGINE=InnoDB AUTO_INCREMENT=126 DEFAULT CHARSET=utf8mb4 COLLATE=utf8mb4_general_ci;
/*!40101 SET character_set_client = @saved_cs_client */;

--
-- Dumping data for table `patients`
--

LOCK TABLES `patients` WRITE;
/*!40000 ALTER TABLE `patients` DISABLE KEYS */;
INSERT INTO `patients` VALUES (113,'PAT-BON-2026-001','Seigi','Pascual','Male','09857673975',2,'2026-04-22 14:44:59','2004-04-22'),(114,'PAT-GAP-2026-001','Francheska','Lopez','Female','09857673975',1,'2026-04-23 11:52:59','2005-04-23'),(115,'PAT-GAP-2026-002','Jayr','Maglaque','Male','09676585644',1,'2026-04-23 12:00:08','2005-06-22'),(116,'PAT-GAP-2026-003','Seigi','Pascual','Male','09676585644',1,'2026-04-24 03:01:33','2004-04-24'),(117,'PAT-GAP-2026-004','Seigi','Pascual','Male','09676585644',1,'2026-05-02 10:21:32','2003-12-09'),(118,'PAT-GAP-2026-005','Seigi','Pascual','Male','09676585644',1,'2026-05-05 10:44:11','2003-05-05'),(119,'PAT-GAP-2026-006','Seigi','Pascual','Male','09676585644',1,'2026-05-31 13:16:43','2003-05-31'),(120,'PAT-GAP-2026-007','Jayr','Maglaquee','Male','09944310462',1,'2026-06-01 07:24:04','2006-06-01'),(121,'PAT-GAP-2026-008','Rhian','Maglaque','Female','09944310462',1,'2026-06-01 07:41:10','2008-06-01'),(122,'PAT-GAP-2026-009','Jayr','Maglaque','Male','09944310462',1,'2026-06-01 07:45:02','2006-06-01'),(124,'PAT-GAP-2026-010','Mima Sassa','Gurl','Male','09944310462',1,'2026-06-08 02:14:34','2005-06-07'),(125,'PAT-GAP-2026-011','John','Doe','Male','09123456789',1,'2026-06-08 02:20:41','1990-05-15');
/*!40000 ALTER TABLE `patients` ENABLE KEYS */;
UNLOCK TABLES;

--
-- Table structure for table `record_requests`
--

DROP TABLE IF EXISTS `record_requests`;
/*!40101 SET @saved_cs_client     = @@character_set_client */;
/*!40101 SET character_set_client = utf8 */;
CREATE TABLE `record_requests` (
  `id` int(11) NOT NULL AUTO_INCREMENT,
  `patient_no` varchar(50) NOT NULL,
  `patient_name` varchar(255) NOT NULL,
  `exam_type` varchar(100) DEFAULT NULL,
  `request_branch` varchar(100) DEFAULT NULL,
  `reason` text NOT NULL,
  `branch_id` int(11) DEFAULT NULL,
  `status` enum('Pending','Approved','Denied') DEFAULT 'Pending',
  `created_at` timestamp NOT NULL DEFAULT current_timestamp(),
  PRIMARY KEY (`id`),
  KEY `fk_requests_branch` (`branch_id`),
  CONSTRAINT `fk_requests_branch` FOREIGN KEY (`branch_id`) REFERENCES `branches` (`id`) ON DELETE SET NULL
) ENGINE=InnoDB AUTO_INCREMENT=18 DEFAULT CHARSET=utf8mb4 COLLATE=utf8mb4_general_ci;
/*!40101 SET character_set_client = @saved_cs_client */;

--
-- Dumping data for table `record_requests`
--

LOCK TABLES `record_requests` WRITE;
/*!40000 ALTER TABLE `record_requests` DISABLE KEYS */;
INSERT INTO `record_requests` VALUES (15,'CX-2026-0002','Seigi Pascual','FOOT','Gapan','I need this copy of report',2,'Approved','2026-04-23 14:24:42'),(16,'CX-2026-0002','Seigi Pascual','FOOT','Gapan','I need this record',2,'Approved','2026-06-04 05:48:53'),(17,'CX-2026-0016','Seigi Pascual','ABDOMEN UPRIGHT','Peñaranda','I need his record',1,'Approved','2026-06-07 07:09:03');
/*!40000 ALTER TABLE `record_requests` ENABLE KEYS */;
UNLOCK TABLES;

--
-- Table structure for table `role_permissions`
--

DROP TABLE IF EXISTS `role_permissions`;
/*!40101 SET @saved_cs_client     = @@character_set_client */;
/*!40101 SET character_set_client = utf8 */;
CREATE TABLE `role_permissions` (
  `id` int(11) NOT NULL AUTO_INCREMENT,
  `role` varchar(50) NOT NULL,
  `perm_key` varchar(100) NOT NULL,
  `access_level` int(11) DEFAULT 0,
  `updated_at` timestamp NOT NULL DEFAULT current_timestamp() ON UPDATE current_timestamp(),
  PRIMARY KEY (`id`),
  UNIQUE KEY `role` (`role`,`perm_key`)
) ENGINE=InnoDB AUTO_INCREMENT=94 DEFAULT CHARSET=utf8mb4 COLLATE=utf8mb4_general_ci;
/*!40101 SET character_set_client = @saved_cs_client */;

--
-- Dumping data for table `role_permissions`
--

LOCK TABLES `role_permissions` WRITE;
/*!40000 ALTER TABLE `role_permissions` DISABLE KEYS */;
INSERT INTO `role_permissions` VALUES (1,'it_admin','system_security',1,'2026-06-08 03:38:20'),(2,'it_admin','backup_mgmt',1,'2026-06-08 03:43:47'),(3,'it_admin','audit_logs',1,'2026-04-18 14:47:03'),(4,'it_admin','dashboard',1,'2026-06-08 04:03:50'),(5,'admin_central','user_mgmt',1,'2026-04-18 14:47:03'),(6,'admin_central','branch_mgmt',1,'2026-04-18 14:47:03'),(7,'admin_central','patient_history',1,'2026-04-18 14:47:03'),(8,'admin_central','audit_logs',1,'2026-04-18 14:47:03'),(9,'admin_central','global_reports',1,'2026-04-18 14:47:03'),(10,'admin_central','dashboard',1,'2026-06-08 02:56:33'),(11,'branch_admin','patient_history',2,'2026-04-18 14:47:03'),(12,'branch_admin','approvals',2,'2026-04-18 14:47:03'),(13,'branch_admin','record_requests',2,'2026-04-18 14:47:03'),(14,'branch_admin','audit_logs',2,'2026-04-18 14:47:03'),(15,'branch_admin','global_reports',2,'2026-04-18 14:47:03'),(16,'branch_admin','dashboard',1,'2026-04-18 14:47:03'),(17,'radtech','worklist',2,'2026-04-18 14:47:03'),(18,'radtech','patient_history',2,'2026-04-18 14:47:03'),(19,'radtech','patient_reg',1,'2026-06-08 03:06:46'),(20,'radtech','record_requests',2,'2026-04-18 14:47:03'),(21,'radtech','dashboard',1,'2026-04-18 14:47:03'),(22,'radiologist','worklist',1,'2026-04-18 14:47:03'),(23,'radiologist','case_review',1,'2026-06-08 04:02:00'),(24,'radiologist','write_report',1,'2026-04-18 14:47:03'),(25,'radiologist','patient_history',1,'2026-04-18 14:47:03'),(26,'radiologist','dashboard',1,'2026-04-23 14:16:06'),(27,'patient','patient_reg',1,'2026-04-18 14:47:03'),(28,'patient','dashboard',1,'2026-04-18 14:47:03'),(29,'patient','xray_status',1,'2026-04-18 14:47:03'),(30,'patient','my_records',1,'2026-04-18 14:47:03'),(39,'admin_central','system_security',1,'2026-06-01 07:02:55'),(40,'branch_admin','system_security',0,'2026-06-04 06:22:07'),(46,'branch_admin','worklist',0,'2026-06-04 06:22:01'),(71,'it_admin','user_mgmt',0,'2026-06-08 03:43:54'),(80,'it_admin','global_reports',0,'2026-06-08 03:45:46'),(84,'radtech','system_security',1,'2026-06-08 03:51:15'),(85,'radtech','backup_mgmt',1,'2026-06-08 03:55:24');
/*!40000 ALTER TABLE `role_permissions` ENABLE KEYS */;
UNLOCK TABLES;

--
-- Table structure for table `system_settings`
--

DROP TABLE IF EXISTS `system_settings`;
/*!40101 SET @saved_cs_client     = @@character_set_client */;
/*!40101 SET character_set_client = utf8 */;
CREATE TABLE `system_settings` (
  `id` int(11) NOT NULL AUTO_INCREMENT,
  `setting_key` varchar(50) NOT NULL,
  `setting_value` text DEFAULT NULL,
  `category` varchar(50) DEFAULT 'General',
  `updated_at` timestamp NOT NULL DEFAULT current_timestamp() ON UPDATE current_timestamp(),
  PRIMARY KEY (`id`),
  UNIQUE KEY `setting_key` (`setting_key`)
) ENGINE=InnoDB AUTO_INCREMENT=6 DEFAULT CHARSET=utf8mb4 COLLATE=utf8mb4_general_ci;
/*!40101 SET character_set_client = @saved_cs_client */;

--
-- Dumping data for table `system_settings`
--

LOCK TABLES `system_settings` WRITE;
/*!40000 ALTER TABLE `system_settings` DISABLE KEYS */;
INSERT INTO `system_settings` VALUES (1,'system_name','CitiLife Diagnostic Center','General','2026-04-18 14:36:55'),(2,'clinic_logo','public/assets/img/logo/logo_1780544821.png','General','2026-06-04 03:47:01'),(3,'min_password_length','8','Security','2026-04-18 14:36:55'),(4,'auto_logout_minutes','120','Security','2026-04-23 11:51:06');
/*!40000 ALTER TABLE `system_settings` ENABLE KEYS */;
UNLOCK TABLES;

--
-- Table structure for table `user_devices`
--

DROP TABLE IF EXISTS `user_devices`;
/*!40101 SET @saved_cs_client     = @@character_set_client */;
/*!40101 SET character_set_client = utf8 */;
CREATE TABLE `user_devices` (
  `id` int(11) NOT NULL AUTO_INCREMENT,
  `user_id` int(11) NOT NULL,
  `device_token` varchar(255) NOT NULL,
  `expires_at` datetime NOT NULL,
  `created_at` timestamp NOT NULL DEFAULT current_timestamp(),
  PRIMARY KEY (`id`),
  KEY `user_id` (`user_id`),
  CONSTRAINT `user_devices_ibfk_1` FOREIGN KEY (`user_id`) REFERENCES `users` (`id`) ON DELETE CASCADE
) ENGINE=InnoDB AUTO_INCREMENT=6 DEFAULT CHARSET=utf8mb4 COLLATE=utf8mb4_general_ci;
/*!40101 SET character_set_client = @saved_cs_client */;

--
-- Dumping data for table `user_devices`
--

LOCK TABLES `user_devices` WRITE;
/*!40000 ALTER TABLE `user_devices` DISABLE KEYS */;
INSERT INTO `user_devices` VALUES (2,63,'36d47edbd1b473d20715b901640021704b9ad00dbbae5a5b77a530c553e59746','2026-06-04 18:45:28','2026-05-05 10:45:28'),(3,66,'843a604efc9b9ba09bb0b55838f26c909600fab7019c1c9a47919768e08c3e2e','2026-07-01 09:46:02','2026-06-01 07:46:02'),(4,62,'957a1cd90f775ed49ce40f99b5f424c5c1d5fa4e0d13280c6bba859ff91052c0','2026-07-04 19:14:32','2026-06-04 11:14:32'),(5,67,'36f0424a0fe5553ede54885f55e65a1e33616db76a09874f8640b16dec35e22f','2026-07-08 10:15:44','2026-06-08 02:15:44');
/*!40000 ALTER TABLE `user_devices` ENABLE KEYS */;
UNLOCK TABLES;

--
-- Table structure for table `users`
--

DROP TABLE IF EXISTS `users`;
/*!40101 SET @saved_cs_client     = @@character_set_client */;
/*!40101 SET character_set_client = utf8 */;
CREATE TABLE `users` (
  `id` int(11) NOT NULL AUTO_INCREMENT,
  `email` varchar(100) NOT NULL,
  `password` varchar(255) NOT NULL,
  `role` varchar(50) NOT NULL,
  `name` varchar(255) DEFAULT NULL,
  `full_name_report` varchar(255) DEFAULT NULL,
  `avatar` varchar(255) DEFAULT NULL,
  `signature` varchar(255) DEFAULT NULL,
  `professional_title` varchar(255) DEFAULT NULL,
  `branch_id` int(11) DEFAULT NULL,
  `created_at` timestamp NOT NULL DEFAULT current_timestamp(),
  `patient_id` int(11) DEFAULT NULL,
  `status` enum('Pending','Active','Rejected','Inactive') DEFAULT 'Active',
  `is_email_verified` tinyint(1) DEFAULT 0,
  `verification_token` varchar(255) DEFAULT NULL,
  `otp_code` varchar(10) DEFAULT NULL,
  `token_expires_at` datetime DEFAULT NULL,
  `pending_new_email` varchar(100) DEFAULT NULL,
  `otp_resend_count` int(11) DEFAULT 0,
  `last_otp_resend_at` datetime DEFAULT NULL,
  `otp_locked_until` datetime DEFAULT NULL,
  `reset_password_token` varchar(255) DEFAULT NULL,
  `reset_password_expires_at` datetime DEFAULT NULL,
  PRIMARY KEY (`id`)
) ENGINE=InnoDB AUTO_INCREMENT=68 DEFAULT CHARSET=utf8mb4 COLLATE=utf8mb4_general_ci;
/*!40101 SET character_set_client = @saved_cs_client */;

--
-- Dumping data for table `users`
--

LOCK TABLES `users` WRITE;
/*!40000 ALTER TABLE `users` DISABLE KEYS */;
INSERT INTO `users` VALUES (1,'admin_central@citilife.com','$2y$10$b5FpsRYu5fcHn9mZ37r78OR8WBrkuNX/WyE6ccZj9ml19A78h5hNm','admin_central','Admin_central',NULL,'/CitiLife-System/public/uploads/avatars/avatar_1_1776589437.png',NULL,NULL,NULL,'2026-03-19 02:18:15',NULL,'Active',0,NULL,NULL,NULL,NULL,0,NULL,NULL,NULL,NULL),(3,'it_admin@citilife.com','$2y$10$b5FpsRYu5fcHn9mZ37r78OR8WBrkuNX/WyE6ccZj9ml19A78h5hNm','it_admin','It_admin',NULL,'/CitiLife-System/public/uploads/avatars/avatar_3_1776589246.png',NULL,NULL,1,'2026-03-19 02:18:15',NULL,'Active',0,NULL,NULL,NULL,NULL,0,NULL,NULL,NULL,NULL),(5,'radiologist@citilife.com','$2y$10$b5FpsRYu5fcHn9mZ37r78OR8WBrkuNX/WyE6ccZj9ml19A78h5hNm','radiologist','Juan Dela Cruz',NULL,'/CitiLife-System/public/uploads/avatars/avatar_5_1776589147.png','/CitiLife-System/public/uploads/signatures/sig_5_1776835198.png','M.D. FPCR',1,'2026-03-19 02:18:15',NULL,'Active',0,NULL,NULL,NULL,NULL,0,NULL,NULL,NULL,NULL),(7,'radtech_gapan@citilife.com','$2y$10$HPOnowr3K1Pil8XUPjgu5eI9o65iAyHc57J4uibHLmGyk1riVHOFe','radtech','Maria Clara Lopez','Maria Clara Lopez','/CitiLife-System/public/uploads/avatars/avatar_7_1776589083.png','/CitiLife-System/public/uploads/signatures/sig_7_1776834265.png','RTX, RRT',1,'2026-03-20 22:06:51',NULL,'Active',0,NULL,NULL,NULL,NULL,0,NULL,NULL,NULL,NULL),(9,'branch_admin_gapan@citilife.com','$2y$10$HPOnowr3K1Pil8XUPjgu5eI9o65iAyHc57J4uibHLmGyk1riVHOFe','branch_admin','Branch_Admin_Gapan',NULL,'/CitiLife-System/public/uploads/avatars/avatar_9_1776589224.png',NULL,NULL,1,'2026-03-20 22:06:51',NULL,'Active',0,NULL,'495948','2026-05-04 19:09:00',NULL,0,NULL,NULL,NULL,NULL),(10,'radtech_bongabon@citilife.com','$2y$10$HPOnowr3K1Pil8XUPjgu5eI9o65iAyHc57J4uibHLmGyk1riVHOFe','radtech','John Doe Jr.','John Doe',NULL,'/CitiLife-System/public/uploads/signatures/sig_10_1776834833.png','RRT',2,'2026-03-20 22:06:51',NULL,'Active',0,NULL,NULL,NULL,NULL,0,NULL,NULL,'2b13ccacbdf1ffa0530b07af9328d041104716dee599fe960390bd4a69f267f4','2026-06-07 18:12:40'),(12,'branch_admin_bongabon@citilife.com','$2y$10$HPOnowr3K1Pil8XUPjgu5eI9o65iAyHc57J4uibHLmGyk1riVHOFe','branch_admin',NULL,NULL,NULL,NULL,NULL,2,'2026-03-20 22:06:51',NULL,'Active',0,NULL,NULL,NULL,NULL,0,NULL,NULL,NULL,NULL),(13,'radtech_penaranda@citilife.com','$2y$10$HPOnowr3K1Pil8XUPjgu5eI9o65iAyHc57J4uibHLmGyk1riVHOFe','radtech',NULL,'Seigi Pascual',NULL,'/CitiLife-System/public/uploads/signatures/sig_13_1780817435.png','RXT, RRT',3,'2026-03-20 22:06:51',NULL,'Active',0,NULL,NULL,NULL,NULL,0,NULL,NULL,NULL,NULL),(15,'branch_admin_penaranda@citilife.com','$2y$10$HPOnowr3K1Pil8XUPjgu5eI9o65iAyHc57J4uibHLmGyk1riVHOFe','branch_admin',NULL,NULL,NULL,NULL,NULL,3,'2026-03-20 22:06:51',NULL,'Active',0,NULL,NULL,NULL,NULL,0,NULL,NULL,NULL,NULL),(16,'radtech_generaltinio@citilife.com','$2y$10$HPOnowr3K1Pil8XUPjgu5eI9o65iAyHc57J4uibHLmGyk1riVHOFe','radtech',NULL,NULL,NULL,NULL,NULL,4,'2026-03-20 22:06:51',NULL,'Active',0,NULL,NULL,NULL,NULL,0,NULL,NULL,NULL,NULL),(18,'branch_admin_generaltinio@citilife.com','$2y$10$HPOnowr3K1Pil8XUPjgu5eI9o65iAyHc57J4uibHLmGyk1riVHOFe','branch_admin',NULL,NULL,NULL,NULL,NULL,4,'2026-03-20 22:06:51',NULL,'Active',0,NULL,NULL,NULL,NULL,0,NULL,NULL,NULL,NULL),(19,'radtech_sanantonio@citilife.com','$2y$10$HPOnowr3K1Pil8XUPjgu5eI9o65iAyHc57J4uibHLmGyk1riVHOFe','radtech',NULL,NULL,NULL,NULL,NULL,6,'2026-03-20 22:06:51',NULL,'Active',0,NULL,NULL,NULL,NULL,0,NULL,NULL,NULL,NULL),(21,'branch_admin_sanantonio@citilife.com','$2y$10$HPOnowr3K1Pil8XUPjgu5eI9o65iAyHc57J4uibHLmGyk1riVHOFe','branch_admin',NULL,NULL,NULL,NULL,NULL,6,'2026-03-20 22:06:51',NULL,'Active',0,NULL,NULL,NULL,NULL,0,NULL,NULL,NULL,NULL),(22,'radtech_stodomingo@citilife.com','$2y$10$HPOnowr3K1Pil8XUPjgu5eI9o65iAyHc57J4uibHLmGyk1riVHOFe','radtech',NULL,NULL,NULL,NULL,NULL,5,'2026-03-20 22:06:51',NULL,'Active',0,NULL,NULL,NULL,NULL,0,NULL,NULL,NULL,NULL),(24,'branch_admin_stodomingo@citilife.com','$2y$10$HPOnowr3K1Pil8XUPjgu5eI9o65iAyHc57J4uibHLmGyk1riVHOFe','branch_admin',NULL,NULL,NULL,NULL,NULL,5,'2026-03-20 22:06:51',NULL,'Active',0,NULL,NULL,NULL,NULL,0,NULL,NULL,NULL,NULL),(25,'radtech_pantabangan@citilife.com','$2y$10$HPOnowr3K1Pil8XUPjgu5eI9o65iAyHc57J4uibHLmGyk1riVHOFe','radtech',NULL,NULL,NULL,NULL,NULL,7,'2026-03-20 22:06:51',NULL,'Active',0,NULL,NULL,NULL,NULL,0,NULL,NULL,NULL,NULL),(27,'branch_admin_pantabangan@citilife.com','$2y$10$HPOnowr3K1Pil8XUPjgu5eI9o65iAyHc57J4uibHLmGyk1riVHOFe','branch_admin',NULL,NULL,NULL,NULL,NULL,7,'2026-03-20 22:06:51',NULL,'Active',0,NULL,NULL,NULL,NULL,0,NULL,NULL,NULL,NULL),(61,'jayrmaglaque12@citilife.com','$2y$10$VXKRmkrjHyG6opFAWTppMefTR5wNJD1zCKMk5mAJ9H4Ly3Nb6lSSG','patient',NULL,NULL,NULL,NULL,NULL,NULL,'2026-04-23 12:00:08',115,'Active',1,NULL,NULL,NULL,NULL,0,NULL,NULL,NULL,NULL),(62,'seigipascual09@gmail.com','$2y$10$BQt6G0X9UhTWHlqT/UfZlO/qkdsS11Gm1LkNkNNn.bKK3YXm2YTui','patient','Seigi Pascual',NULL,'/CitiLife-System/public/uploads/avatars/avatar_62_1780636226.png',NULL,NULL,NULL,'2026-05-02 10:21:32',117,'Active',1,NULL,NULL,NULL,NULL,0,NULL,NULL,'63897318fc239a6d6634adddfe0cff73ca4f3e01b5691c79911d6e8203f7848e','2026-06-05 13:11:03'),(63,'personalseigi09@gmail.com','$2y$10$CG06nHcz6DHP6DNkTi6yru13x/Tx0TPoyDWY6ZsA7ch8QFOC02SNG','patient',NULL,NULL,NULL,NULL,NULL,NULL,'2026-05-05 10:44:11',118,'Active',1,NULL,NULL,NULL,NULL,0,NULL,NULL,NULL,NULL),(66,'jayr.maglaque09153@gmail.com','$2y$10$IxdMbMuwt8HgDPETmiJhNuL7SPw1REM1jHP9AXzQMpOeM/NKf3y4i','patient',NULL,NULL,NULL,NULL,NULL,NULL,'2026-06-01 07:45:02',122,'Active',1,NULL,NULL,NULL,NULL,0,NULL,NULL,NULL,NULL),(67,'jayrmaglaque1@gmail.com','$2y$10$Y/YvGgbqJ7aWVTp.4VgmJuVy1kQjsuRsAHgVFGZEi3Eyk5WFco3We','patient',NULL,NULL,NULL,NULL,NULL,NULL,'2026-06-08 02:14:34',124,'Active',1,NULL,NULL,NULL,NULL,0,NULL,NULL,NULL,NULL);
/*!40000 ALTER TABLE `users` ENABLE KEYS */;
UNLOCK TABLES;
/*!40103 SET TIME_ZONE=@OLD_TIME_ZONE */;

/*!40101 SET SQL_MODE=@OLD_SQL_MODE */;
/*!40014 SET FOREIGN_KEY_CHECKS=@OLD_FOREIGN_KEY_CHECKS */;
/*!40014 SET UNIQUE_CHECKS=@OLD_UNIQUE_CHECKS */;
/*!40101 SET CHARACTER_SET_CLIENT=@OLD_CHARACTER_SET_CLIENT */;
/*!40101 SET CHARACTER_SET_RESULTS=@OLD_CHARACTER_SET_RESULTS */;
/*!40101 SET COLLATION_CONNECTION=@OLD_COLLATION_CONNECTION */;
/*!40111 SET SQL_NOTES=@OLD_SQL_NOTES */;

-- Dump completed on 2026-06-08 12:05:52
